Time elapsed, Glow State, Visible Light, Right Sleeve State, Right X Acc, Right Y Acc, Right Z Acc, Left Sleeve State, Left X Acc, Left Y Acc, Left Z Acc
2891.00,0,0,0,0.00,0.00,0.00,0,0.00,0.00,0.00
3391.00,0,3067,0,9.61,2.08,-2.20,0,-8.00,1.25,-0.29
3891.00,0,3067,0,8.05,3.43,-4.35,0,-8.36,1.47,-0.25
4391.00,0,3067,0,8.62,2.38,-3.31,0,-9.09,-0.41,0.47
4891.00,0,3067,0,9.21,2.61,-4.48,0,-8.49,1.76,0.35
5632.00,0,2770,0,8.01,3.24,-3.86,0,-11.25,0.11,-0.58
6136.00,0,2770,0,10.09,5.43,-3.48,0,-8.50,2.63,-0.94
6641.00,0,2770,0,8.60,4.53,0.53,0,-9.57,2.04,-2.68
7146.00,0,2770,0,10.15,4.30,0.16,0,-8.39,1.53,-4.30
7995.00,0,4407,0,8.94,4.57,0.05,0,-8.14,4.30,-6.05
8500.00,0,4407,0,9.57,4.56,-0.14,0,-8.52,5.42,-5.90
9005.00,0,4407,0,8.57,4.29,-0.81,0,-7.01,3.73,-6.06
9510.00,0,4407,0,8.99,4.19,-0.39,0,-7.30,3.78,-5.05
10360.00,0,4224,0,8.55,4.47,-1.50,0,-7.92,2.19,-5.01
10865.00,0,4224,0,8.17,4.88,-1.49,0,-8.77,2.89,-5.57
11370.00,0,4224,0,7.84,4.22,-1.84,0,-7.32,2.49,-5.91
11875.00,0,4224,0,8.73,4.38,-1.69,0,-7.36,3.47,-5.38
12724.00,0,4402,0,8.86,4.23,-1.35,0,-10.41,2.38,-3.71
13229.00,0,4402,0,9.17,3.99,-2.20,0,-10.20,2.04,0.68
13734.00,0,4402,0,8.12,3.63,-2.50,0,-7.97,-0.54,0.14
14239.00,0,4402,0,8.68,3.77,-2.71,0,-9.80,1.75,0.10
15088.00,0,3276,0,9.11,4.30,-2.93,0,-9.65,0.60,-2.10
15592.00,0,3276,0,8.24,4.08,-2.77,0,-9.51,1.40,-1.62
16097.00,0,3276,0,8.12,4.25,-1.31,0,-9.28,1.97,-1.94
16602.00,0,3276,0,8.94,4.69,-1.63,0,-9.76,1.86,-4.55
17452.00,0,3886,0,8.21,4.44,-2.59,0,-9.04,1.77,-2.59
17956.00,0,3886,0,9.62,2.98,-2.54,0,-9.00,0.57,-2.01
18461.00,0,3886,0,8.94,2.99,-1.81,0,-10.17,0.97,-4.57
18966.00,0,3886,0,8.97,3.51,-1.69,0,-8.49,2.09,-7.99
19816.00,0,3423,0,9.03,2.11,-2.16,0,-8.44,2.49,-4.33
20320.00,0,3423,0,9.93,3.21,-2.60,0,-8.15,5.17,-2.82
20825.00,0,3423,0,9.13,2.53,-4.04,0,-10.95,6.12,-6.02
21330.00,0,3423,0,7.35,2.71,-6.10,0,-3.70,7.42,-3.40
22179.00,0,3487,0,7.50,-1.17,-6.30,0,-5.18,6.89,-2.93
22684.00,0,3487,0,8.06,-0.44,-6.01,0,-6.12,7.27,-2.79
23189.00,0,3487,0,7.68,-0.26,-5.98,0,-7.84,8.20,-0.35
23694.00,0,3487,0,7.37,-0.39,-6.59,0,-5.88,6.86,-4.29
24544.00,0,3401,0,7.62,-1.51,-6.29,0,-4.62,6.94,-4.56
25048.00,0,3401,0,7.69,-0.98,-6.54,0,-4.60,6.98,-4.38
25553.00,0,3401,0,7.87,-0.73,-6.71,0,-3.61,7.04,-3.07
26058.00,0,3401,0,8.49,-1.91,-6.50,0,-5.32,6.78,-4.55
26908.00,0,3143,0,7.48,5.07,-3.11,0,-3.30,8.17,-5.02
27412.00,0,3143,0,9.74,3.49,-3.77,0,-2.71,8.03,-4.88
27917.00,0,3143,0,9.66,1.30,-2.74,0,-3.15,8.40,-4.30
28422.00,0,3143,0,9.81,-1.27,1.23,0,-3.59,7.65,-4.63
29272.00,0,3122,0,8.24,-2.16,2.96,0,-2.98,7.46,-4.35
29776.00,0,3122,0,8.03,0.75,-1.21,0,-3.33,7.30,-6.19
30281.00,0,3122,0,8.89,-0.25,-1.62,0,-4.70,6.18,-4.83
30786.00,0,3122,0,8.37,4.02,-3.27,0,-0.75,6.98,-5.17
31635.00,0,942,0,6.60,5.77,-6.49,0,2.92,9.04,-0.57
32140.00,0,942,0,7.43,-0.57,-6.71,0,-0.68,8.39,-2.36
32645.00,0,942,0,7.83,-0.30,-3.75,0,-1.79,7.37,-6.33
33150.00,0,942,0,11.35,-0.16,-4.65,0,0.34,11.63,-5.45
34000.00,0,546,0,9.24,2.18,-3.36,0,-1.26,6.67,-5.50
34504.00,0,546,0,8.07,2.49,-5.13,0,-2.63,8.15,-5.04
35009.00,0,546,0,8.75,-0.69,-3.60,0,-2.83,8.77,-5.08
35514.00,0,546,0,10.37,-1.96,-0.98,0,-2.31,6.55,-3.95
36363.00,0,1708,0,9.02,0.08,-0.30,0,-1.77,7.43,-6.08
36868.00,0,1708,0,9.24,-0.70,-1.08,0,-1.78,7.43,-4.08
37373.00,0,1708,0,7.71,-0.75,0.87,0,-0.46,6.41,-3.62
37878.00,0,1708,0,13.54,-2.33,-2.01,0,-1.92,12.99,-5.75
38728.00,0,426,0,13.29,-2.64,-2.12,0,-4.27,13.36,-4.56
39232.00,0,426,0,9.42,-2.36,-0.09,0,-2.61,9.25,-5.45
39737.00,0,426,0,10.53,-0.77,3.02,0,-4.25,6.64,-0.88
40242.00,0,426,0,3.83,-1.45,4.49,0,-6.04,3.33,-5.19
41092.00,0,461,0,7.64,-2.35,4.56,0,-7.61,6.42,-7.15
41596.00,0,461,0,11.62,-3.69,-1.85,0,-9.14,5.50,-5.89
42101.00,0,461,0,10.62,0.56,-1.21,0,-6.85,4.92,-5.50
42606.00,0,461,0,12.24,1.37,-5.15,0,-8.35,8.16,-5.67
43456.00,1,102,0,9.87,3.23,-1.28,0,-5.13,5.60,-6.77
43960.00,1,102,0,8.36,2.01,-0.31,0,-6.50,4.78,-4.78
44465.00,1,102,0,12.34,-1.47,-0.21,0,-5.58,4.90,-9.30
44970.00,1,102,0,9.86,-0.70,1.32,0,-6.00,4.25,-3.93
45820.00,1,87,0,10.16,-1.49,-0.37,0,-0.75,9.32,-1.55
46324.00,1,87,0,9.14,-2.28,0.23,0,3.09,8.83,-1.61
46829.00,1,87,0,9.55,-2.51,-0.15,0,3.28,7.62,-3.55
47334.00,1,87,0,10.38,-1.60,1.20,0,4.09,8.17,-3.66
48184.00,1,92,0,8.85,-1.46,3.28,0,2.13,9.89,-4.55
48688.00,1,92,0,9.33,-0.63,2.63,0,2.68,8.75,-2.82
49193.00,1,92,0,9.07,-0.48,3.71,0,3.06,8.43,-3.39
49698.00,1,92,0,9.03,-2.37,2.81,0,0.79,8.75,-4.07
50548.00,1,107,0,9.20,-1.16,2.72,0,4.58,5.53,-5.67
51052.00,1,107,0,9.61,-3.18,4.22,0,-1.65,8.76,-4.33
51557.00,1,107,0,7.58,-4.60,3.95,0,-1.35,6.60,-4.71
52062.00,1,107,0,8.52,-3.34,3.92,0,-6.29,6.54,-6.22
52912.00,1,33,0,9.79,-3.19,1.52,0,-4.66,9.15,-4.63
53416.00,1,33,0,8.91,-2.02,3.75,0,-2.09,7.15,-2.15
53921.00,1,33,0,9.04,-2.84,2.58,0,-5.56,7.63,-1.79
54426.00,1,33,0,9.47,-2.95,1.05,0,-4.64,7.22,-0.80
55276.00,1,26,0,9.25,-3.44,1.14,0,-3.03,7.70,1.66
55780.00,1,26,0,9.23,-2.44,1.58,0,2.64,9.21,-7.55
56285.00,1,26,0,8.20,-3.44,3.91,0,-2.38,6.23,-4.40
56790.00,1,26,0,15.57,-0.96,-6.45,0,-4.40,6.24,-7.55
57640.00,1,78,0,11.89,9.30,-7.82,0,-6.21,5.46,-5.05
58144.00,1,78,0,4.54,14.87,-11.24,0,-4.39,4.57,-5.79
59159.00,1,78,1,19.61,-4.20,11.40,0,-6.27,4.61,-6.27
60004.00,1,169,1,4.74,-1.65,-0.24,0,-8.71,-2.09,-4.57
60509.00,1,169,1,9.28,-0.02,-1.19,0,-5.70,1.52,-8.89
61009.00,1,169,1,9.28,-0.02,-1.19,0,-5.70,1.52,-8.89
61509.00,1,169,1,9.14,-0.39,-2.64,0,-9.40,2.83,-7.03
62366.00,1,181,0,8.72,-1.39,-2.04,0,-6.56,2.28,-5.97
62871.00,1,181,0,9.64,-1.87,-1.24,0,-7.95,1.89,-5.06
63376.00,1,181,0,9.85,-4.93,-3.14,0,-7.46,2.31,-4.88
63881.00,1,181,0,11.27,-3.05,-0.15,0,-5.99,3.03,-5.39
64731.00,1,173,0,9.06,-4.81,1.20,0,-8.06,1.74,-5.45
65236.00,1,173,0,10.97,-2.61,-0.53,0,-7.20,2.39,-5.87
65741.00,1,173,0,10.41,-1.99,0.81,0,-6.39,3.40,-6.02
66246.00,1,173,0,7.09,-3.97,2.06,0,-11.79,4.71,-3.81
67095.00,1,32,0,6.66,-4.39,4.49,0,-6.93,3.95,-6.09
67599.00,1,32,0,12.06,2.00,4.10,0,-7.90,1.62,-5.32
68104.00,1,32,0,8.40,-2.26,1.46,0,-7.88,2.60,-3.04
68604.00,1,32,0,8.40,-2.26,1.46,0,-7.88,2.60,-3.04
69459.00,1,81,0,8.03,-0.78,1.69,0,-7.37,0.57,-2.23
69963.00,1,81,0,6.89,-1.47,1.02,0,-6.90,0.83,-1.02
70468.00,1,81,0,8.62,-1.72,0.98,0,-7.43,1.78,-3.38
70973.00,1,81,0,9.12,-2.94,1.04,0,-8.72,2.82,-3.84
71823.00,1,68,0,7.47,-3.73,1.39,0,-7.76,1.54,-2.15
72327.00,1,68,0,10.12,-1.47,-0.48,0,-8.96,0.69,-3.85
72832.00,1,68,0,12.47,-4.22,-0.17,0,-10.28,0.84,-5.12
73337.00,1,68,0,10.65,-3.73,1.37,0,-9.52,2.15,-4.58
74186.00,1,196,0,9.81,-2.91,2.76,0,-4.18,10.75,-8.54
74691.00,1,196,0,12.84,-4.56,0.38,0,-6.32,17.69,-5.34
75196.00,1,196,0,12.01,-4.45,-0.83,0,-0.29,11.56,-8.37
75701.00,1,196,0,9.87,-3.11,0.17,0,4.15,9.36,-3.74
76551.00,0,357,0,10.17,-3.47,0.34,0,0.55,10.15,-7.66
77051.00,0,357,0,10.17,-3.47,0.34,0,0.55,10.15,-7.66
77725.00,0,357,0,6.62,-1.81,1.99,1,-3.94,3.18,-0.09
78225.00,0,357,0,6.62,-1.81,1.99,1,-3.94,3.18,-0.09
78915.00,1,145,0,9.87,-2.64,0.55,1,-5.57,4.81,-4.51
79419.00,1,145,0,11.05,-3.35,1.31,1,-9.38,1.91,-4.99
79924.00,1,145,0,10.01,-5.06,0.17,1,-9.23,3.83,-5.86
80431.00,1,145,0,9.62,-2.99,-0.18,0,-8.83,1.85,-4.68
81278.00,1,111,0,11.89,-6.77,3.46,0,-12.72,-1.22,-2.55
81783.00,1,111,0,10.03,-3.18,5.50,0,-12.23,-1.21,-2.03
82288.00,1,111,0,10.23,-4.52,4.36,0,-12.08,0.07,-2.02
82793.00,1,111,0,11.59,-5.41,5.06,0,-13.07,-0.27,-4.30
83643.00,1,200,0,8.04,-1.94,3.78,0,-9.39,-0.84,-2.45
84147.00,1,200,0,7.84,-3.42,4.03,0,-9.56,1.00,-1.51
84652.00,1,200,0,8.94,-3.04,4.39,0,-10.59,-0.07,-2.41
85157.00,1,200,0,9.59,-5.01,3.91,0,-10.44,0.82,-2.44
86006.00,0,305,0,6.21,-2.94,3.17,0,-7.54,0.04,-0.23
86511.00,0,305,0,7.58,-2.58,4.00,0,-9.11,-1.15,-1.62
87016.00,0,305,0,9.28,-4.75,2.83,0,-9.99,1.36,-1.52
87521.00,0,305,0,10.89,-4.50,3.21,0,-10.89,0.68,-3.59
88371.00,1,244,0,7.33,-2.44,3.73,0,-10.11,-0.59,-1.24
88875.00,1,244,0,7.42,-4.49,2.58,0,-9.11,1.43,-0.81
89380.00,1,244,0,9.68,-4.14,4.01,0,-11.25,0.50,-2.35
89885.00,1,244,0,10.04,-4.01,3.39,0,-11.59,0.03,-2.16
90735.00,0,572,0,7.68,-3.90,4.38,0,-9.29,0.70,-1.23
91239.00,0,572,0,9.94,-4.39,3.66,0,-10.24,0.66,-2.91
91744.00,0,572,0,10.03,-4.81,2.15,0,-11.93,1.18,-2.63
92249.00,0,572,0,10.43,-3.70,3.25,0,-12.22,1.27,-2.43
93099.00,0,2059,0,10.06,-3.96,3.28,0,-10.24,1.06,-3.06
93603.00,0,2059,0,10.14,-5.01,1.99,0,-11.34,2.61,-3.18
94108.00,0,2059,0,10.96,-3.74,2.60,0,-11.35,1.31,-3.83
94613.00,0,2059,0,11.87,-3.63,-0.15,0,-13.28,3.30,-4.21
95463.00,0,1368,0,10.45,-4.06,2.46,0,-10.50,1.84,-3.81
95967.00,0,1368,0,12.01,-4.97,4.60,0,-12.39,1.04,-3.46
96472.00,0,1368,0,8.95,-5.01,1.63,0,-12.52,2.28,-2.92
96977.00,0,1368,0,10.24,-5.88,1.42,0,-9.81,2.63,-3.53
97827.00,1,135,0,10.74,-4.32,3.52,0,-11.27,1.03,-3.41
98331.00,1,135,0,11.84,-5.56,2.16,0,-14.02,2.33,-3.40
98836.00,1,135,0,10.31,-4.99,1.41,0,-7.93,3.36,-4.10
99341.00,1,135,0,10.01,-4.00,2.15,0,-8.35,0.56,-5.94
100191.00,0,374,0,11.88,-5.69,3.39,0,-13.67,1.47,-3.50
100695.00,0,374,0,10.65,-5.51,0.76,0,-8.94,2.69,-5.44
101200.00,0,374,0,9.22,-4.35,1.94,0,-7.79,0.53,-6.05
101705.00,0,374,0,7.87,-5.26,1.91,0,-7.55,2.29,-5.15
102555.00,1,281,0,10.64,-5.22,1.30,0,-9.43,2.90,-5.37
103059.00,1,281,0,10.55,-4.10,1.92,0,-9.94,1.73,-5.99
103564.00,1,281,0,8.35,-5.42,-0.33,0,-8.48,2.50,-4.39
104069.00,1,281,0,9.73,-3.84,0.61,0,-9.53,1.61,-4.06
104919.00,1,185,0,9.85,-2.86,0.51,0,-10.82,2.38,-5.44
105423.00,1,185,0,10.27,-6.07,-0.02,0,-9.62,3.26,-3.94
105928.00,1,185,0,9.46,-4.16,0.66,0,-7.27,1.81,-4.61
106433.00,1,185,0,8.78,-4.15,1.13,0,-7.45,2.43,-4.61
107283.00,1,187,0,12.21,-5.56,0.97,0,-10.68,3.15,-5.10
107787.00,1,187,0,10.97,-3.75,2.03,0,-9.30,-0.01,-5.38
108292.00,1,187,0,8.55,-5.43,-0.33,0,-7.89,2.62,-5.07
108797.00,1,187,0,9.71,-3.61,-0.16,0,-8.99,1.61,-4.82
109647.00,1,126,0,9.98,-2.81,-0.07,0,-10.77,2.38,-5.03
110151.00,1,126,0,10.94,-5.48,0.58,0,-11.39,2.76,-4.01
110656.00,1,126,0,8.33,-3.61,-1.47,0,-8.76,0.61,-4.29
111161.00,1,126,0,9.00,-4.42,1.50,0,-9.03,1.95,-3.99
112011.00,1,65,0,11.51,-5.86,-0.04,0,-9.09,4.15,-6.09
112515.00,1,65,0,9.93,-3.39,-0.22,0,-8.60,1.81,-8.81
113020.00,1,65,0,9.81,-5.53,-1.80,0,-9.62,3.56,-4.99
113525.00,1,65,0,7.22,-1.76,-0.75,0,-6.36,0.79,-3.32
114375.00,1,44,0,11.63,-2.93,2.14,0,-9.66,0.50,-6.85
114879.00,1,44,0,8.60,-5.74,0.48,0,-8.49,3.94,-4.92
115384.00,1,44,0,9.87,-4.64,0.37,0,-7.23,1.10,-5.37
115889.00,1,44,0,9.09,-5.23,-0.53,0,-9.70,3.14,-5.38
116739.00,1,59,0,12.06,-4.74,1.97,0,-11.89,2.16,-5.20
117243.00,1,59,0,11.09,-5.17,2.04,0,-11.05,1.54,-3.57
117748.00,1,59,0,12.83,-5.37,3.22,0,-11.68,1.78,-5.41
118253.00,1,59,0,12.67,-7.07,2.61,0,-12.77,1.97,-4.68
119103.00,1,76,0,7.74,-4.51,2.60,0,-8.24,1.75,-2.22
119607.00,1,76,0,8.52,-3.14,2.59,0,-9.18,-0.11,-2.81
120107.00,1,76,0,8.52,-3.14,2.59,0,-9.18,-0.11,-2.81
120607.00,1,76,0,6.81,-4.01,1.82,0,-8.17,1.12,-1.59
121467.00,1,84,0,9.41,-3.36,2.14,0,-8.20,1.39,-3.96
121971.00,1,84,0,8.90,-3.19,1.99,0,-8.37,0.21,-3.19
122476.00,1,84,0,8.94,-4.14,3.27,0,-8.71,0.77,-3.13
122981.00,1,84,0,7.87,-3.94,1.89,0,-7.92,1.92,-3.23
123831.00,1,70,0,8.57,-3.97,2.55,0,-7.06,4.01,-3.82
124335.00,1,70,0,8.71,-4.29,2.15,0,-6.81,6.49,-4.10
124840.00,1,70,0,9.33,-4.27,1.87,0,-6.28,2.40,-19.61
125855.00,1,70,0,7.96,-4.91,2.22,1,-11.53,8.82,-0.66
126360.00,1,67,0,8.62,-4.45,2.79,1,1.44,9.36,0.60
126865.00,1,67,0,8.54,-4.23,2.34,1,0.60,10.34,-0.85
127370.00,1,67,0,8.98,-4.09,2.29,1,-2.44,8.90,-1.42
127875.00,1,67,0,8.19,-4.73,2.56,1,-4.11,9.56,-0.81
128597.00,1,107,0,8.09,-4.69,2.64,0,-2.03,8.83,-2.56
129102.00,1,107,0,8.86,-4.75,3.11,0,-2.70,8.86,-2.51
129607.00,1,107,0,7.55,-5.03,2.83,0,-2.49,8.75,-2.70
130112.00,1,107,0,8.13,-4.91,3.26,0,-2.86,8.15,-2.97
130960.00,1,128,0,8.39,-4.55,2.49,0,-2.22,8.94,-2.71
131464.00,1,128,0,8.35,-5.54,2.79,0,-2.43,9.47,-3.57
131969.00,1,128,0,7.77,-4.90,2.68,0,-2.35,8.88,-2.84
132474.00,1,128,0,8.30,-4.60,3.46,0,-2.55,7.78,-3.43
133324.00,1,112,0,8.33,-5.02,2.58,0,-2.01,8.66,-2.91
133828.00,1,112,0,8.15,-4.51,2.78,0,-2.40,8.19,-2.94
134333.00,1,112,0,7.13,-4.93,3.72,0,-3.53,7.66,-2.13
134838.00,1,112,0,6.37,-3.31,2.16,0,-2.24,6.07,-1.80
135688.00,1,115,0,5.37,-2.54,2.16,0,-0.76,3.22,-0.81
136192.00,1,115,0,6.31,-3.62,1.86,0,-1.56,5.67,-1.10
136697.00,1,115,0,8.25,-3.96,3.63,0,-1.66,9.94,-3.59
137202.00,1,115,0,10.55,-6.48,3.00,0,-0.28,13.30,-4.59
138052.00,1,107,0,8.08,-5.60,2.15,0,-2.36,10.03,-2.87
138556.00,1,107,0,11.04,-4.56,3.38,0,0.09,12.16,-4.69
139061.00,1,107,0,10.45,-7.62,3.29,0,-1.29,14.20,-4.70
139566.00,1,107,0,10.99,-6.92,0.19,0,-2.89,10.51,-3.09
140416.00,1,40,0,11.62,-6.20,0.02,0,-0.59,13.52,-7.80
140920.00,1,40,0,10.85,-5.71,3.80,0,-1.63,9.97,-5.91
141425.00,1,40,0,7.85,-5.12,2.38,0,-4.68,7.56,-0.46
141930.00,1,40,0,5.61,-2.95,4.45,0,-3.81,2.53,-19.61
142780.00,1,70,0,11.01,-5.02,3.25,0,-19.61,-10.52,-19.61
143794.00,1,70,0,7.93,-7.64,2.74,1,-7.32,9.69,-7.55
144299.00,1,70,0,9.32,-7.21,2.86,1,3.60,11.95,1.23
145144.00,1,105,0,9.44,-5.71,4.59,1,-3.36,12.70,-1.98
145648.00,1,105,0,9.03,-5.79,2.61,1,-7.63,9.16,-5.63
146153.00,1,105,0,10.13,-4.58,3.34,1,-7.59,7.02,-3.92
146660.00,1,105,0,11.59,-3.51,2.91,0,-12.33,1.97,-1.65
147507.00,1,63,0,7.62,-3.15,3.45,0,-8.20,0.64,0.68
148012.00,1,63,0,9.99,-1.71,0.08,0,-9.52,-0.88,-2.06
148517.00,1,63,0,9.60,0.67,-4.93,0,-9.99,-0.59,-1.84
149022.00,1,63,0,10.83,0.11,-6.88,0,-10.46,0.10,-2.68
149872.00,1,83,0,5.88,3.93,-2.14,0,-8.61,-0.33,-1.05
150376.00,1,83,0,6.82,-0.68,-5.13,0,-9.41,-0.57,-0.24
151391.00,1,83,1,-19.61,5.20,-13.05,0,-10.72,-1.71,-2.12
152236.00,1,139,1,6.26,5.57,0.92,0,-9.35,-0.63,-0.65
152740.00,1,139,1,8.91,5.63,0.81,0,-10.30,-1.88,-2.58
153245.00,1,139,1,7.93,7.66,-0.30,0,-10.45,-0.83,-2.72
153750.00,1,139,1,8.89,8.74,-0.79,0,-10.02,0.06,-2.74
154601.00,1,115,0,6.33,3.17,-4.27,0,-8.61,-1.86,-1.50
155106.00,1,115,0,7.51,4.01,-7.19,0,-10.01,-0.54,-2.36
155611.00,1,115,0,7.41,5.46,-9.65,0,-10.86,-0.18,-3.39
156116.00,1,115,0,6.56,5.51,-8.57,0,-11.00,-1.41,-2.42
156964.00,1,97,0,7.02,5.79,-10.07,0,-10.52,0.30,-2.97
157468.00,1,97,0,9.08,3.66,-9.82,0,-11.47,-0.78,-4.54
157973.00,1,97,0,7.56,4.72,-10.66,0,-10.98,-1.36,-3.67
158478.00,1,97,0,6.85,5.10,-9.44,0,-9.20,0.42,-3.17
159328.00,1,52,0,9.76,6.45,-10.74,0,-11.43,-0.24,-4.64
159832.00,1,52,0,5.40,4.12,-7.95,0,-10.41,0.13,-4.63
160337.00,1,52,0,6.33,4.44,-10.62,0,-10.44,0.88,-3.56
160842.00,1,52,0,6.85,4.53,-7.76,0,-9.62,0.14,-3.45
161692.00,1,43,0,5.29,7.07,-5.75,0,-9.01,1.75,-5.18
162196.00,1,43,0,2.84,7.62,-9.07,0,-9.30,0.83,-3.34
162701.00,1,43,0,3.82,2.73,-2.34,0,-7.26,-0.09,-0.45
163206.00,1,43,0,4.37,1.84,-3.39,0,-7.57,-0.80,-0.29
164056.00,1,43,0,3.47,2.40,-3.25,0,-7.80,1.00,-0.33
164560.00,1,43,0,4.07,2.04,-2.70,0,-6.97,-0.55,-0.46
165065.00,1,43,0,5.54,2.72,-6.52,0,-9.27,-0.32,-1.17
165570.00,1,43,0,7.55,4.63,-7.74,0,-10.97,-0.68,-4.23
166420.00,1,17,0,6.25,1.86,-4.74,0,-9.04,-1.27,-2.06
166924.00,1,17,0,6.45,4.24,-7.95,0,-10.11,-1.24,-2.22
167429.00,1,17,0,7.93,6.83,-9.94,0,-10.78,-0.13,-4.05
167934.00,1,17,0,6.97,5.21,-6.34,0,-10.65,-1.83,-2.16
168784.00,1,26,0,6.34,6.13,-10.43,0,-10.87,-0.09,-3.08
169288.00,1,26,0,8.49,7.82,-9.45,0,-11.85,-1.46,-4.61
169793.00,1,26,0,6.40,5.93,-10.61,0,-11.01,-1.40,-3.62
170298.00,1,26,0,3.50,7.16,-9.87,0,-10.32,1.10,-3.45
171148.00,1,42,0,10.64,4.60,-9.19,0,-10.62,2.11,-4.25
171652.00,1,42,0,6.36,5.00,-6.91,0,-9.74,0.89,-6.40
172157.00,1,42,0,2.96,7.39,-8.31,0,-10.10,0.98,-2.73
172662.00,1,42,0,2.86,3.62,-3.09,0,-7.87,-0.06,-0.62
173512.00,1,122,0,7.59,5.94,-8.51,0,-9.93,-0.34,-4.84
174016.00,1,122,0,3.42,2.46,-5.98,0,-8.13,0.38,-1.81
174521.00,1,122,0,3.39,1.56,-3.15,0,-6.25,-1.68,-0.08
175026.00,1,122,0,4.30,3.57,-5.66,0,-8.13,-1.66,-0.47
175876.00,1,30,0,3.09,1.17,-5.46,0,-7.29,-1.96,0.41
176380.00,1,30,0,5.53,2.47,-5.94,0,-8.65,-2.48,-1.80
176885.00,1,30,0,5.31,4.03,-8.81,0,-9.57,-1.30,-1.85
177390.00,1,30,0,8.71,5.25,-10.25,0,-11.01,-0.70,-3.39
178240.00,1,34,0,7.72,3.97,-7.09,0,-8.87,-2.17,-3.39
178744.00,1,34,0,6.56,5.47,-10.34,0,-10.40,-1.50,-3.45
179249.00,1,34,0,7.18,6.11,-7.95,0,-10.79,-0.89,-2.89
179754.00,1,34,0,6.96,5.48,-11.41,0,-12.24,-0.38,-3.01
180604.00,1,20,0,5.48,4.95,-8.86,0,-10.92,-0.94,-2.09
181108.00,1,20,0,11.24,4.35,-10.56,0,-10.59,0.42,-4.12
181613.00,1,20,0,6.08,4.74,-5.09,0,-9.52,-0.38,-4.67
182118.00,1,20,0,3.04,6.63,-9.04,0,-9.73,0.40,-3.06
182968.00,1,18,0,3.93,5.78,-9.30,0,-10.17,0.45,-3.30
183473.00,1,18,0,5.20,3.92,-7.26,0,-8.76,-0.99,-3.40
183978.00,1,18,0,4.12,0.75,-3.39,0,-5.98,-1.99,-0.96
184483.00,1,18,0,4.50,1.24,-3.09,0,-6.93,-1.42,-0.24
185332.00,1,18,0,2.99,2.71,-2.18,0,-6.28,-1.19,-0.80
185836.00,1,18,0,3.12,1.89,-3.75,0,-7.75,-1.45,0.20
186341.00,1,18,0,6.64,2.33,-5.44,0,-7.77,-2.14,-2.48
186846.00,1,18,0,6.17,4.75,-8.82,0,-10.29,-0.74,-3.17
187696.00,1,21,0,4.73,2.62,-6.63,0,-8.88,-0.89,-2.43
188200.00,1,21,0,7.86,4.05,-8.45,0,-9.86,-0.88,-4.35
188705.00,1,21,0,4.97,4.70,-8.15,0,-10.59,-0.70,-2.42
189210.00,1,21,0,9.45,4.09,-10.04,0,-10.18,0.64,-3.96
190060.00,1,30,0,7.34,6.45,-8.91,0,-11.76,-0.36,-3.80
190564.00,1,30,0,7.77,5.48,-11.90,0,-12.93,-0.32,-4.30
191069.00,1,30,0,4.68,5.75,-8.34,0,-11.42,0.58,-2.93
191574.00,1,30,0,6.74,4.51,-6.62,0,-8.59,-0.03,-5.55
192424.00,1,41,0,5.54,5.83,-11.72,0,-12.06,-1.47,-4.61
192928.00,1,41,0,4.02,6.94,-9.53,0,-8.96,2.38,-3.82
193433.00,1,41,0,2.69,4.42,-4.93,0,-8.36,0.29,-2.96
193938.00,1,41,0,3.92,0.74,-2.76,0,-6.44,-1.32,-1.04
194788.00,1,89,0,4.75,4.53,-8.71,0,-7.98,1.98,-3.82
195292.00,1,89,0,2.73,3.03,-3.17,0,-5.95,-0.86,-0.77
195797.00,1,89,0,2.91,0.59,-3.17,0,-6.19,-1.30,0.48
196302.00,1,89,0,5.78,1.52,-4.49,0,-7.57,-2.10,-1.05
197152.00,1,49,0,2.56,3.27,-2.72,0,-5.56,-1.00,-1.51
197656.00,1,49,0,2.74,0.15,-3.51,0,-6.65,-1.70,-0.99
198161.00,1,49,0,6.19,1.82,-4.99,0,-9.25,-0.59,-0.97
198666.00,1,49,0,4.36,2.91,-7.35,0,-10.78,-2.55,-2.27
199516.00,1,61,0,3.06,3.27,-4.47,0,-8.10,-1.21,-1.13
200020.00,1,61,0,6.38,3.87,-5.67,0,-9.72,-2.42,-3.59
200525.00,1,61,0,6.00,5.69,-9.36,0,-9.80,-1.08,-3.17
201030.00,1,61,0,8.32,4.83,-9.15,0,-11.68,0.21,-4.46
201880.00,1,49,0,6.56,4.40,-7.35,0,-9.24,-1.20,-4.46
202384.00,1,49,0,6.96,5.84,-10.84,0,-11.98,-0.33,-3.52
202889.00,1,49,0,7.56,5.99,-8.11,0,-11.43,-1.59,-3.58
203394.00,1,49,0,7.51,5.15,-10.90,0,-12.78,-3.20,-2.49
204244.00,1,44,0,6.03,5.49,-10.82,0,-11.11,0.47,-4.34
204748.00,1,44,0,10.57,7.10,-13.71,0,-12.36,-1.60,-7.00
205253.00,1,44,0,5.23,5.09,-8.60,0,-10.54,-0.85,-6.41
205758.00,1,44,0,4.80,6.28,-10.10,0,-9.25,0.30,-3.80
206608.00,1,48,0,9.02,4.88,-10.06,0,-10.56,-1.27,-4.10
207112.00,1,48,0,4.90,5.25,-7.36,0,-11.00,0.81,-6.88
207612.00,1,48,0,4.90,5.25,-7.36,0,-11.00,0.81,-6.88
208112.00,1,48,0,2.92,8.96,-8.67,0,-9.03,0.76,-3.74
208972.00,1,27,0,5.33,5.16,-8.46,0,-11.76,-0.34,-4.78
209476.00,1,27,0,3.82,8.44,-10.32,0,-9.71,0.36,-4.46
209981.00,1,27,0,4.87,4.35,-7.86,0,-7.69,-0.18,-4.45
210486.00,1,27,0,4.45,1.03,-4.70,0,-7.35,-1.16,-2.54
211336.00,1,28,0,8.02,-5.79,-1.44,0,-8.71,1.44,-3.85
211840.00,1,28,0,8.42,-5.43,-0.80,0,-8.96,0.00,-2.64
212345.00,1,28,0,8.54,-6.67,2.03,0,-6.45,1.66,-3.96
212850.00,1,28,0,6.36,-4.37,2.47,0,-15.04,4.24,-5.41
213700.00,1,293,0,10.87,-5.10,2.36,0,19.61,11.32,-4.08
214204.00,1,293,0,8.45,-5.62,3.42,0,-17.20,12.79,-19.61
214709.00,1,293,0,7.35,-6.21,3.66,0,-18.87,4.96,-0.51
215724.00,1,293,0,8.73,-4.63,2.47,1,-13.95,10.00,11.80
216229.00,0,574,0,7.82,-6.56,3.16,1,-6.86,7.17,1.64
216734.00,0,574,0,8.09,-5.29,4.50,1,-6.32,9.10,1.75
217239.00,0,574,0,6.64,-5.27,0.86,1,-2.76,7.58,2.62
217744.00,0,574,0,6.71,-3.76,1.63,1,-4.95,6.64,-1.24
218466.00,1,80,0,9.90,-6.56,1.17,0,-6.80,12.25,-6.30
218971.00,1,80,0,9.32,-6.71,-0.80,0,-5.20,10.47,-0.89
219476.00,1,80,0,8.29,-4.07,0.65,0,0.02,7.61,-3.27
219981.00,1,80,0,6.99,-3.46,2.92,0,-3.16,4.90,-0.06
220829.00,1,57,0,9.74,-7.11,0.02,0,-2.07,10.42,-3.06
221333.00,1,57,0,6.94,-3.76,1.29,0,-3.57,5.67,-1.00
221838.00,1,57,0,5.18,-3.15,2.42,0,-4.12,2.06,0.29
222343.00,1,57,0,6.62,-3.89,2.68,0,-2.45,4.59,-1.34
223193.00,1,37,0,6.37,-2.90,1.61,0,-3.85,2.46,-0.25
223697.00,1,37,0,6.22,-3.94,1.31,0,-5.76,4.21,-1.33
224202.00,1,37,0,6.87,-4.45,2.88,0,-2.12,6.34,-2.38
224707.00,1,37,0,7.93,-5.35,1.47,0,-3.03,8.58,-2.89
225557.00,1,42,0,5.79,-4.49,1.69,0,-2.94,5.33,-1.31
226061.00,1,42,0,7.39,-4.35,2.32,0,-2.43,7.00,-2.77
226566.00,1,42,0,8.40,-5.32,0.66,0,-4.13,8.72,-2.60
227071.00,1,42,0,10.43,-6.29,1.45,0,-1.74,12.35,-3.60
227921.00,1,40,0,8.32,-5.03,2.51,0,-2.90,8.72,-3.50
228425.00,1,40,0,9.28,-4.45,-0.16,0,-3.70,10.54,-4.67
228930.00,1,40,0,12.71,-7.52,1.05,0,-1.49,13.57,-4.16
229435.00,1,40,0,10.95,-6.83,-1.09,0,-2.60,13.48,-5.96
230285.00,1,19,0,10.15,-5.49,1.15,0,-4.55,9.58,-2.72
230789.00,1,19,0,12.36,-5.48,-1.06,0,-0.67,11.68,-3.72
231294.00,1,19,0,11.18,-4.98,0.40,0,-2.14,10.21,-4.51
231799.00,1,19,0,10.20,-6.30,0.28,0,-0.84,10.41,-3.15
232649.00,1,176,0,10.26,-6.02,1.18,0,-0.46,10.69,-3.44
233153.00,1,176,0,9.89,-5.24,0.67,0,0.20,9.53,-3.82
233658.00,1,176,0,8.42,-6.72,0.53,0,1.57,10.31,-2.25
234163.00,1,176,0,8.03,-3.38,0.03,0,-4.03,6.05,-2.14
235013.00,1,39,0,10.42,-5.53,0.08,0,-0.16,8.89,-3.39
235517.00,1,39,0,10.19,-5.88,0.49,0,2.01,9.20,-2.31
236022.00,1,39,0,8.01,-3.81,0.73,0,-1.22,7.23,-2.51
236527.00,1,39,0,7.12,-3.17,1.89,0,-2.10,4.17,-0.65
237377.00,1,55,0,10.06,-6.20,-0.94,0,-0.71,10.55,-3.83
237881.00,1,55,0,8.53,-4.09,-0.20,0,-0.93,6.35,-2.66
238386.00,1,55,0,7.16,-3.28,2.32,0,-1.28,4.74,-0.83
238891.00,1,55,0,5.97,-3.53,1.47,0,-2.62,3.51,-1.21
239741.00,1,39,0,9.53,-4.83,0.28,0,0.77,9.50,-4.06
240245.00,1,39,0,7.29,-3.71,1.83,0,-1.41,5.48,-1.36
240750.00,1,39,0,5.53,-2.75,2.61,0,-1.34,3.08,-0.94
241255.00,1,39,0,6.06,-4.19,0.35,0,-2.43,5.43,-1.16
242105.00,1,38,0,6.81,-3.18,1.69,0,-2.10,4.57,-0.80
242609.00,1,38,0,6.40,-3.18,2.26,0,-1.47,3.03,-1.96
243114.00,1,38,0,5.96,-4.45,0.65,0,-3.21,5.90,-1.85
243619.00,1,38,0,7.71,-4.88,2.08,0,-2.31,8.75,-3.24
244469.00,1,50,0,6.01,-4.41,2.15,0,-1.61,6.43,-2.37
244973.00,1,50,0,8.03,-5.71,0.35,0,-3.49,9.17,-3.29
245478.00,1,50,0,8.84,-6.57,1.89,0,-4.88,10.25,-6.57
245983.00,1,50,0,10.37,-4.96,0.69,0,-11.12,4.93,-4.53
246833.00,1,24,0,9.12,-4.86,1.51,0,-7.82,-0.38,-1.93
247337.00,1,24,0,9.10,-5.47,1.47,0,-10.43,-0.71,-5.18
247842.00,1,24,0,9.19,-1.35,-7.53,0,-9.41,-1.69,-4.40
248347.00,1,24,0,12.41,-1.24,-7.67,0,-9.64,-0.74,-5.30
249197.00,1,87,0,10.29,1.14,-7.03,0,-9.41,-0.47,-5.78
249701.00,1,87,0,14.82,5.51,-7.00,0,-10.06,-1.13,-4.48
250206.00,1,87,0,16.33,-16.17,-19.61,0,-12.45,-1.32,-3.98
250711.00,1,87,0,-19.61,6.49,-19.61,0,-10.88,-2.60,-3.36
252070.00,1,56,1,-0.45,10.63,1.81,0,-7.83,-1.97,-2.04
252575.00,1,56,1,7.30,5.42,-0.68,0,-8.24,-1.73,-2.73
253080.00,1,56,1,6.68,5.64,1.25,0,-7.36,-3.01,-2.88
253925.00,1,73,1,6.88,5.32,-2.72,0,-8.95,-1.73,-4.43
254429.00,1,73,1,8.10,3.22,-3.96,0,-8.49,-3.39,-1.11
254936.00,1,73,0,6.81,3.71,-5.51,0,-9.35,-2.68,-1.77
255441.00,1,73,0,10.10,1.06,-4.00,0,-10.30,-2.21,-5.09
256290.00,1,150,0,8.41,0.20,-4.08,0,-7.99,-1.98,-1.65
256795.00,1,150,0,6.23,3.51,-6.90,0,-8.95,-1.73,-3.49
257300.00,1,150,0,9.47,4.70,-9.51,0,-10.57,-1.22,-5.48
257805.00,1,150,0,7.23,5.12,-8.25,0,-10.12,-1.19,-4.46
258654.00,1,92,0,6.67,2.56,-7.32,0,-8.95,-2.24,-3.20
259158.00,1,92,0,9.77,3.90,-9.94,0,-10.31,-0.26,-5.62
259663.00,1,92,0,8.33,4.86,-9.30,0,-12.08,-2.95,-3.90
260168.00,1,92,0,11.93,0.17,-11.37,0,-9.70,1.66,-5.21
261018.00,1,63,0,8.82,0.36,-8.17,0,-10.29,-0.39,-3.52
261522.00,1,63,0,9.31,4.19,-12.74,0,-11.70,1.06,-7.27
262027.00,1,63,0,8.66,3.10,-11.29,0,-10.49,0.23,-4.64
262532.00,1,63,0,6.67,3.36,-6.65,0,-8.06,-0.17,-5.28
263382.00,1,109,0,6.91,5.94,-6.25,0,-8.59,0.80,-6.56
263886.00,1,109,0,2.55,8.84,-7.01,0,-8.76,0.04,-4.71
264391.00,1,109,0,3.42,2.83,-3.25,0,-6.81,-1.31,-0.55
264896.00,1,109,0,3.89,0.34,-2.15,0,-6.10,-1.75,-0.33
265746.00,1,223,0,4.85,0.74,-4.69,0,-6.93,-1.17,-2.91
266250.00,1,223,0,3.06,3.10,-1.16,0,-6.82,-1.67,-0.54
266755.00,1,223,0,2.60,2.73,-2.95,0,-7.05,-1.85,-0.13
267260.00,1,223,0,7.97,0.94,-4.37,0,-7.13,-1.16,-2.77
268110.00,1,57,0,2.76,1.10,-1.92,0,-6.18,-1.77,-0.54
268614.00,1,57,0,3.37,1.69,-3.73,0,-6.75,-1.34,-0.92
269114.00,1,57,0,3.37,1.69,-3.73,0,-6.75,-1.34,-0.92
269614.00,1,57,0,9.62,3.69,-6.49,0,-8.35,0.13,-5.55
270474.00,1,28,0,4.29,0.50,-4.25,0,-7.50,-2.01,-0.05
270978.00,1,28,0,8.42,1.56,-5.34,0,-7.80,-1.60,-3.36
271478.00,1,28,0,8.42,1.56,-5.34,0,-7.80,-1.60,-3.36
271978.00,1,28,0,7.02,5.19,-9.06,0,-10.91,-1.35,-4.69
272838.00,1,43,0,8.28,2.00,-6.15,0,-8.86,0.04,-3.68
273342.00,1,43,0,6.83,4.16,-9.61,0,-10.72,-0.28,-4.83
273842.00,1,43,0,6.83,4.16,-9.61,0,-10.72,-0.28,-4.83
274342.00,1,43,0,8.07,5.64,-8.35,0,-10.53,0.28,-5.10
275202.00,1,105,0,7.58,4.97,-9.65,0,-10.23,-0.89,-5.23
275706.00,1,105,0,8.91,7.00,-8.33,0,-10.83,-0.27,-6.51
276206.00,1,105,0,8.91,7.00,-8.33,0,-10.83,-0.27,-6.51
276706.00,1,105,0,6.46,4.49,-9.65,0,-10.17,0.14,-7.10
277566.00,1,30,0,9.77,5.00,-8.31,0,-10.16,2.42,-6.11
278070.00,1,30,0,9.28,4.41,-4.90,0,-9.80,0.78,-6.45
278570.00,1,30,0,9.28,4.41,-4.90,0,-9.80,0.78,-6.45
279070.00,1,30,0,6.59,4.94,-10.43,0,-9.14,1.13,-5.13
279930.00,1,28,0,6.93,5.98,-6.37,0,-9.12,-0.50,-7.18
280434.00,1,28,0,3.71,7.32,-8.68,0,-9.41,0.42,-5.57
280934.00,1,28,0,3.71,7.32,-8.68,0,-9.41,0.42,-5.57
281434.00,1,28,0,5.76,3.60,-2.14,0,-7.23,-2.29,-3.00
282294.00,1,58,0,5.76,3.96,-5.47,0,-7.53,-1.20,-3.39
282798.00,1,58,0,3.39,5.78,-1.23,0,-7.00,-2.28,-0.54
283298.00,1,58,0,3.39,5.78,-1.23,0,-7.00,-2.28,-0.54
283798.00,1,58,0,4.16,0.70,-3.24,0,-6.21,-1.99,-0.02
284658.00,1,23,0,4.54,2.70,-0.62,0,-6.03,-2.08,-1.65
285162.00,1,23,0,3.37,3.17,-3.35,0,-6.94,-1.74,-1.07
285662.00,1,23,0,3.37,3.17,-3.35,0,-6.94,-1.74,-1.07
286162.00,1,23,0,8.96,6.80,-8.79,0,-10.81,-6.34,-3.11
287022.00,1,26,0,3.90,2.43,-5.88,0,-7.81,-1.83,-1.18
287526.00,1,26,0,7.69,2.71,-6.46,0,-7.95,-2.02,-3.75
288026.00,1,26,0,7.69,2.71,-6.46,0,-7.95,-2.02,-3.75
288526.00,1,26,0,6.21,6.39,-9.26,0,-10.88,-1.07,-3.96
289386.00,1,39,0,9.31,1.12,-6.78,0,-8.17,-3.01,-3.09
289890.00,1,39,0,7.46,3.37,-10.08,0,-9.82,-1.67,-4.36
290390.00,1,39,0,7.46,3.37,-10.08,0,-9.82,-1.67,-4.36
290890.00,1,39,0,9.57,4.97,-9.40,0,-12.04,-0.57,-4.62
291750.00,1,44,0,6.17,1.99,-7.66,0,-8.46,-2.10,-2.76
292254.00,1,44,0,8.34,1.85,-9.11,0,-10.03,-1.63,-5.77
292754.00,1,44,0,8.34,1.85,-9.11,0,-10.03,-1.63,-5.77
293254.00,1,44,0,11.07,2.29,-11.48,0,-12.46,-1.54,-5.05
294114.00,1,49,0,9.31,4.26,-8.21,0,-10.28,-0.75,-5.72
294618.00,1,49,0,7.42,4.73,-9.33,0,-10.95,0.48,-4.17
295118.00,1,49,0,7.42,4.73,-9.33,0,-10.95,0.48,-4.17
295618.00,1,49,0,8.60,2.72,-8.21,0,-10.23,-0.29,-4.59
296478.00,1,96,0,7.17,4.51,-10.67,0,-10.05,-0.78,-4.63
296982.00,1,96,0,9.76,5.83,-9.96,0,-12.22,-1.12,-5.24
297482.00,1,96,0,9.76,5.83,-9.96,0,-12.22,-1.12,-5.24
297982.00,1,96,0,3.39,2.03,-2.94,0,-7.26,-1.45,-0.72
298842.00,1,76,0,8.45,5.29,-7.69,0,-10.57,-0.70,-4.14
299346.00,1,76,0,10.75,4.27,-13.56,0,-13.30,-1.09,-5.72
299846.00,1,76,0,10.75,4.27,-13.56,0,-13.30,-1.09,-5.72
300527.00,1,76,1,4.53,-0.42,-3.24,0,-6.21,-2.31,-1.28
301206.00,1,38,1,8.48,2.99,-8.50,0,-10.74,-2.55,-3.73
301710.00,1,38,1,11.14,4.27,-9.90,0,-11.92,-1.71,-5.50
302210.00,1,38,1,11.14,4.27,-9.90,0,-11.92,-1.71,-5.50
302710.00,1,38,1,7.00,4.23,-6.62,0,-8.91,-0.68,-6.26
303571.00,1,44,0,8.46,5.48,-8.87,0,-11.50,-0.70,-4.45
304071.00,1,44,0,8.46,5.48,-8.87,0,-11.50,-0.70,-4.45
304571.00,1,44,0,6.90,3.69,-9.72,0,-11.03,-1.96,-6.45
305071.00,1,44,0,8.25,2.46,-9.29,0,-10.60,-0.06,-4.41
305934.00,1,26,0,8.00,3.75,-10.82,0,-10.23,-1.92,-4.37
306438.00,1,26,0,9.78,4.86,-8.81,0,-11.69,-2.08,-5.17
306938.00,1,26,0,9.78,4.86,-8.81,0,-11.69,-2.08,-5.17
307438.00,1,26,0,7.22,4.37,-6.63,0,-8.90,-0.67,-5.91
308807.00,1,24,1,10.56,3.51,-9.33,0,-10.54,-1.21,-4.77
309307.00,1,24,1,10.56,3.51,-9.33,0,-10.54,-1.21,-4.77
309807.00,1,24,1,6.19,0.12,-4.65,0,-7.31,-0.57,-3.28
310662.00,1,28,1,7.75,4.66,-6.04,0,-10.78,-0.57,-5.44
311166.00,1,28,1,4.32,5.29,-7.76,0,-8.30,0.21,-4.25
311666.00,1,28,1,4.32,5.29,-7.76,0,-8.30,0.21,-4.25
312166.00,1,28,0,3.36,0.98,-2.20,0,-6.03,-1.86,-0.89
313026.00,1,37,0,4.02,5.96,-8.06,0,-9.52,1.09,-4.33
313530.00,1,37,0,5.20,2.45,-6.98,0,-7.78,-0.64,-3.29
314030.00,1,37,0,5.20,2.45,-6.98,0,-7.78,-0.64,-3.29
314530.00,1,37,0,3.82,-0.49,-4.01,0,-7.54,-1.58,-0.57
315390.00,1,70,0,4.34,1.65,-3.98,0,-7.21,-0.86,-1.70
315894.00,1,70,0,4.09,0.09,-3.07,0,-6.68,-1.86,-0.66
316394.00,1,70,0,4.09,0.09,-3.07,0,-6.68,-1.86,-0.66
316894.00,1,70,0,7.76,1.96,-6.44,0,-8.60,-2.15,-3.95
317754.00,1,281,0,3.68,1.21,-4.30,0,-7.38,-2.52,-0.59
318258.00,1,281,0,8.12,1.14,-6.05,0,-8.18,-2.58,-3.07
318758.00,1,281,0,8.12,1.14,-6.05,0,-8.18,-2.58,-3.07
319258.00,1,281,0,7.41,4.83,-10.49,0,-10.58,-2.10,-3.97
320118.00,1,41,0,8.93,0.64,-6.32,0,-8.06,-2.97,-2.78
320622.00,1,41,0,6.69,2.56,-8.87,0,-10.29,-2.13,-3.84
321122.00,1,41,0,6.69,2.56,-8.87,0,-10.29,-2.13,-3.84
321622.00,1,41,0,9.70,4.40,-9.96,0,-11.63,-1.23,-4.75
322482.00,1,33,0,7.14,2.63,-8.57,0,-9.24,-2.53,-3.26
322986.00,1,33,0,8.42,3.93,-8.86,0,-10.77,-0.99,-4.73
323486.00,1,33,0,8.42,3.93,-8.86,0,-10.77,-0.99,-4.73
323986.00,1,33,0,6.91,0.96,-7.48,0,-8.69,-1.04,-4.06
324846.00,1,29,0,9.71,1.17,-8.36,0,-9.91,-1.70,-4.48
325350.00,1,29,0,8.98,1.71,-8.79,0,-9.62,-2.20,-3.49
325850.00,1,29,0,8.98,1.71,-8.79,0,-9.62,-2.20,-3.49
326350.00,1,29,0,7.16,2.36,-8.10,0,-8.74,-0.67,-3.68
327210.00,1,38,0,-0.86,11.18,-4.75,0,-8.18,-2.31,-2.49
327714.00,1,38,0,19.61,-19.61,-3.44,0,-8.73,-2.54,-2.57
328214.00,1,38,0,19.61,-19.61,-3.44,0,-8.73,-2.54,-2.57
328785.00,1,38,1,11.17,9.47,1.31,0,-8.00,-3.24,-1.77
329573.00,1,52,1,6.79,5.06,-2.65,0,-8.65,-3.55,-2.10
330073.00,1,52,1,6.79,5.06,-2.65,0,-8.65,-3.55,-2.10
330573.00,1,52,1,8.56,5.04,-4.02,0,-10.80,-4.62,-1.88
331073.00,1,52,1,9.09,2.75,-5.42,0,-9.94,-2.09,-1.38
331936.00,1,71,0,5.28,2.49,-2.48,0,-6.37,-2.09,-0.29
332436.00,1,71,0,5.28,2.49,-2.48,0,-6.37,-2.09,-0.29
332936.00,1,71,0,5.04,1.73,-3.82,0,-7.51,-2.38,-1.44
333436.00,1,71,0,8.04,4.22,-5.98,0,-11.13,-2.01,-3.84
334300.00,1,94,0,5.67,3.88,-6.28,0,-8.30,-2.48,-1.81
334800.00,1,94,0,5.67,3.88,-6.28,0,-8.30,-2.48,-1.81
335300.00,1,94,0,10.30,5.82,-8.20,0,-10.57,-2.29,-5.17
335800.00,1,94,0,7.01,3.95,-9.35,0,-12.55,-1.93,-2.79
336665.00,1,103,0,9.64,6.99,-9.97,0,-11.54,-1.00,-3.39
337169.00,1,103,0,7.92,5.11,-7.83,0,-12.56,-2.65,-1.02
337669.00,1,103,0,7.92,5.11,-7.83,0,-12.56,-2.65,-1.02
338169.00,1,103,0,5.72,5.61,-6.91,0,-9.11,1.16,-3.25
339029.00,1,151,0,7.37,4.42,-6.87,0,-10.65,-1.29,-6.00
339533.00,1,151,0,2.49,7.49,-7.02,0,-9.94,-0.86,-3.21
340033.00,1,151,0,2.49,7.49,-7.02,0,-9.94,-0.86,-3.21
340533.00,1,151,0,3.64,1.30,-2.25,0,-5.07,-1.41,0.00
341393.00,1,45,0,6.17,1.25,-3.10,0,-5.32,-1.17,-1.43
341897.00,1,45,0,4.44,1.39,-2.00,0,-5.77,-2.05,0.22
342397.00,1,45,0,4.44,1.39,-2.00,0,-5.77,-2.05,0.22
342897.00,1,45,0,6.89,3.71,-6.85,0,-8.49,-2.73,-1.91
343756.00,1,221,0,6.24,0.13,-2.80,0,-8.20,-2.03,-0.54
344256.00,1,221,0,6.24,0.13,-2.80,0,-8.20,-2.03,-0.54
344756.00,1,221,0,7.44,5.22,-6.92,0,-11.41,2.81,-8.17
345256.00,1,221,0,1.34,5.97,-8.51,0,-9.39,1.44,-2.69
346121.00,1,32,0,7.46,4.90,-8.17,0,-8.83,-2.90,-2.51
346625.00,1,32,0,9.73,6.38,-8.16,0,-11.18,-0.34,-4.21
347125.00,1,32,0,9.73,6.38,-8.16,0,-11.18,-0.34,-4.21
347625.00,1,32,0,8.25,6.43,-10.12,0,-14.59,-1.63,-7.02
348485.00,1,41,0,8.74,4.28,-9.28,0,-12.01,-1.82,-4.71
348989.00,1,41,0,8.65,3.94,-8.52,0,-14.02,-1.53,-1.56
349489.00,1,41,0,8.65,3.94,-8.52,0,-14.02,-1.53,-1.56
349989.00,1,41,0,7.74,3.52,-8.39,0,-11.63,0.76,-1.95
350850.00,1,46,0,10.17,5.83,-9.02,0,-12.87,-2.36,-4.15
351354.00,1,46,0,8.75,2.05,-7.99,0,-11.49,-1.10,-3.16
351854.00,1,46,0,8.75,2.05,-7.99,0,-11.49,-1.10,-3.16
352354.00,1,46,0,5.46,1.66,-2.50,0,-7.79,-2.67,-1.16
353214.00,1,131,0,8.97,3.47,-7.08,0,-10.88,-0.03,-2.76
353718.00,1,131,0,8.17,3.96,-6.02,0,-9.08,0.16,-5.09
354218.00,1,131,0,8.17,3.96,-6.02,0,-9.08,0.16,-5.09
354718.00,1,131,0,5.58,1.70,-4.16,0,-7.22,-1.58,-0.34
355578.00,1,56,0,8.00,4.35,-5.80,0,-10.46,0.59,-6.84
356082.00,1,56,0,5.88,4.26,-7.08,0,-7.97,0.23,-3.90
356582.00,1,56,0,5.88,4.26,-7.08,0,-7.97,0.23,-3.90
357082.00,1,56,0,4.41,0.98,-1.46,0,-5.62,-1.95,-0.99
357942.00,1,150,0,4.48,3.95,-7.20,0,-7.62,-1.04,-3.23
358446.00,1,150,0,3.49,2.21,-2.60,0,-5.96,-2.48,-0.36
358946.00,1,150,0,3.49,2.21,-2.60,0,-5.96,-2.48,-0.36
359446.00,1,150,0,4.99,1.42,-4.07,0,-7.50,-2.60,-0.28
360306.00,1,42,0,3.95,0.94,-3.40,0,-7.24,-0.20,-0.69
360810.00,1,42,0,4.09,0.96,-3.22,0,-5.90,-0.83,-1.41
361310.00,1,42,0,4.09,0.96,-3.22,0,-5.90,-0.83,-1.41
361810.00,1,42,0,7.21,0.49,-4.08,0,-8.19,-2.54,-2.99
362670.00,1,51,0,5.26,0.17,-4.15,0,-7.43,-0.32,-1.02
363174.00,1,51,0,5.09,0.29,-1.91,0,-5.77,-2.40,-0.99
363674.00,1,51,0,5.09,0.29,-1.91,0,-5.77,-2.40,-0.99
364174.00,1,51,0,-15.91,-1.02,-19.61,0,-8.17,-2.50,-1.43
364751.00,1,51,1,14.26,-6.16,12.79,0,-9.44,-4.40,-1.86
365344.00,1,39,1,9.61,9.86,3.87,0,-10.68,-2.59,-2.56
365848.00,1,39,1,7.20,7.49,4.63,0,-9.77,-2.14,-4.01
366348.00,1,39,1,7.20,7.49,4.63,0,-9.77,-2.14,-4.01
366848.00,1,39,1,6.31,6.22,2.73,0,-7.35,-3.16,-2.90
367709.00,1,58,0,5.12,7.36,-2.87,0,-9.88,-1.97,-5.04
368209.00,1,58,0,5.12,7.36,-2.87,0,-9.88,-1.97,-5.04
368709.00,1,58,0,4.52,2.69,-4.75,0,-7.53,-0.91,-2.80
369209.00,1,58,0,2.71,3.29,-1.95,0,-6.18,-1.45,-1.51
370072.00,1,33,0,2.53,6.72,-9.43,0,-9.27,0.01,-3.06
370576.00,1,33,0,3.50,3.33,-3.46,0,-7.98,-0.82,-1.55
371076.00,1,33,0,3.50,3.33,-3.46,0,-7.98,-0.82,-1.55
371576.00,1,33,0,3.90,2.89,-4.87,0,-7.61,-1.23,-1.34
372436.00,1,54,0,2.49,2.15,-1.80,0,-6.69,-1.01,-1.13
372940.00,1,54,0,3.32,1.35,-3.18,0,-6.52,-1.28,-1.00
373440.00,1,54,0,3.32,1.35,-3.18,0,-6.52,-1.28,-1.00
373940.00,1,54,0,8.54,2.49,-6.57,0,-9.22,-1.75,-3.60
374800.00,1,50,0,3.77,1.32,-4.58,0,-8.10,-1.70,-1.04
375300.00,1,50,0,3.77,1.32,-4.58,0,-8.10,-1.70,-1.04
375800.00,1,50,0,11.46,1.54,-9.22,0,-8.96,0.38,-4.65
376300.00,1,50,0,6.19,5.11,-6.63,0,-9.34,0.00,-5.91
377167.00,1,99,0,8.40,3.29,-7.34,0,-9.98,-1.19,-5.39
377671.00,1,99,0,7.15,5.78,-10.42,0,-11.04,-0.62,-4.28
378171.00,1,99,0,7.15,5.78,-10.42,0,-11.04,-0.62,-4.28
378671.00,1,99,0,3.95,5.20,-7.35,0,-8.55,0.57,-3.63
379531.00,1,92,0,6.96,5.47,-10.86,0,-9.82,-0.99,-4.44
380035.00,1,92,0,7.80,6.02,-7.75,0,-10.97,-0.96,-4.19
380535.00,1,92,0,7.80,6.02,-7.75,0,-10.97,-0.96,-4.19
381216.00,1,92,1,2.98,1.85,-2.34,0,-6.84,-1.79,-0.18
381895.00,1,70,1,7.24,6.09,-8.01,0,-11.04,-1.04,-3.68
382399.00,1,70,1,9.07,4.65,-10.23,0,-12.91,-2.87,-4.07
382899.00,1,70,1,9.07,4.65,-10.23,0,-12.91,-2.87,-4.07
383399.00,1,70,1,4.53,0.47,-3.04,0,-6.56,-1.40,-0.58
384260.00,1,35,0,7.97,4.19,-8.35,0,-9.94,-1.87,-3.81
384760.00,1,35,0,7.97,4.19,-8.35,0,-9.94,-1.87,-3.81
385260.00,1,35,0,6.92,3.96,-8.93,0,-11.75,0.79,-3.29
385760.00,1,35,0,7.77,4.20,-6.48,0,-8.93,0.87,-6.16
387132.00,1,32,1,8.52,5.62,-8.22,0,-12.97,-2.33,-3.75
387632.00,1,32,1,8.52,5.62,-8.22,0,-12.97,-2.33,-3.75
388132.00,1,32,1,4.47,5.72,-9.19,0,-9.98,0.70,-3.78
388987.00,1,40,1,8.36,4.41,-8.23,0,-10.46,-2.06,-4.01
389491.00,1,40,1,9.95,3.46,-7.42,0,-9.10,0.37,-4.34
389991.00,1,40,1,9.95,3.46,-7.42,0,-9.10,0.37,-4.34
390491.00,1,40,0,7.61,3.73,-6.81,0,-9.77,-0.38,-5.06
391351.00,1,48,0,8.66,4.14,-9.04,0,-11.23,-1.01,-4.00
391855.00,1,48,0,7.74,4.44,-11.19,0,-10.77,-1.73,-4.15
392355.00,1,48,0,7.74,4.44,-11.19,0,-10.77,-1.73,-4.15
392855.00,1,48,0,4.42,5.31,-9.26,0,-8.89,1.18,-4.52
393715.00,1,55,0,8.49,3.51,-11.40,0,-11.29,-1.12,-3.89
394219.00,1,55,0,8.98,3.16,-9.42,0,-10.86,0.48,-5.04
394719.00,1,55,0,8.98,3.16,-9.42,0,-10.86,0.48,-5.04
395219.00,1,55,0,5.35,3.10,-7.13,0,-8.61,-0.32,-3.41
396079.00,1,69,0,8.25,3.89,-8.94,0,-10.93,-0.29,-3.27
396583.00,1,69,0,8.13,4.00,-5.38,0,-9.20,0.49,-6.08
397083.00,1,69,0,8.13,4.00,-5.38,0,-9.20,0.49,-6.08
397583.00,1,69,0,6.39,2.64,-8.23,0,-9.42,-1.44,-3.08
398443.00,1,125,0,6.94,5.41,-5.43,0,-9.63,-0.81,-5.99
398947.00,1,125,0,3.56,6.51,-9.45,0,-9.45,0.50,-3.90
399447.00,1,125,0,3.56,6.51,-9.45,0,-9.45,0.50,-3.90
399947.00,1,125,0,8.96,3.89,-8.63,0,-10.30,-0.99,-4.90
400807.00,1,165,0,5.27,5.48,-9.60,0,-9.73,1.16,-4.12
401311.00,1,165,0,5.64,2.26,-7.29,0,-8.75,-0.16,-2.35
401811.00,1,165,0,5.64,2.26,-7.29,0,-8.75,-0.16,-2.35
402311.00,1,165,0,6.13,1.53,-7.60,0,-8.92,-0.93,-2.61
403171.00,1,92,0,6.45,3.31,-8.63,0,-9.36,0.12,-4.54
403675.00,1,92,0,5.80,0.11,-5.04,0,-6.96,-0.23,-2.08
404175.00,1,92,0,5.80,0.11,-5.04,0,-6.96,-0.23,-2.08
404675.00,1,92,0,5.81,-0.34,-2.71,0,-6.70,-2.10,-1.66
405534.00,1,45,0,6.24,0.28,-5.14,0,-7.84,0.53,-2.14
406034.00,1,45,0,6.24,0.28,-5.14,0,-7.84,0.53,-2.14
406534.00,1,45,0,5.54,0.61,-3.43,0,-7.66,-1.84,-1.21
407034.00,1,45,0,4.80,1.88,-5.17,0,-8.53,-2.38,-1.20
408408.00,1,27,1,4.07,0.45,-1.68,0,-7.00,-1.10,-0.67
408908.00,1,27,1,4.07,0.45,-1.68,0,-7.00,-1.10,-0.67
409408.00,1,27,1,8.71,3.39,-7.46,0,-10.27,-1.42,-4.30
410263.00,1,39,1,3.30,1.33,-3.45,0,-8.10,-1.86,-0.77
410767.00,1,39,1,7.17,0.79,-4.63,0,-8.74,-2.61,-2.51
411267.00,1,39,1,7.17,0.79,-4.63,0,-8.74,-2.61,-2.51
411767.00,1,39,0,8.57,3.99,-10.53,0,-12.44,-1.02,-4.26
412627.00,1,74,0,6.79,0.97,-5.09,0,-6.32,-1.86,-2.52
413131.00,1,74,0,7.96,2.80,-8.39,0,-9.00,0.10,-2.98
413631.00,1,74,0,7.96,2.80,-8.39,0,-9.00,0.10,-2.98
414131.00,1,74,0,8.93,4.99,-7.76,0,-10.44,-0.57,-4.40
414990.00,1,37,0,4.67,2.85,-8.59,0,-9.41,-0.15,-2.12
415490.00,1,37,0,4.67,2.85,-8.59,0,-9.41,-0.15,-2.12
415990.00,1,37,0,6.34,4.73,-9.30,0,-10.26,1.22,-4.07
416490.00,1,37,0,7.42,1.52,-7.39,0,-8.30,0.83,-4.55
417355.00,1,21,0,8.68,5.19,-9.89,0,-12.13,0.88,-5.37
417859.00,1,21,0,7.99,3.99,-7.97,0,-10.40,-1.15,-4.83
418359.00,1,21,0,7.99,3.99,-7.97,0,-10.40,-1.15,-4.83
418859.00,1,21,0,4.94,-0.34,-3.33,0,-6.58,-1.11,-1.06
419719.00,1,46,0,8.15,3.68,-7.64,0,-10.92,-2.37,-4.70
420223.00,1,46,0,9.62,2.92,-6.47,0,-9.45,-1.07,-2.27
420723.00,1,46,0,9.62,2.92,-6.47,0,-9.45,-1.07,-2.27
421223.00,1,46,0,3.55,0.69,-2.31,0,-6.22,-2.71,-0.14
422083.00,1,58,0,9.47,5.48,-7.73,0,-12.61,-1.68,-4.56
422587.00,1,58,0,7.12,4.28,-11.21,0,-12.03,-1.34,-5.14
423087.00,1,58,0,7.12,4.28,-11.21,0,-12.03,-1.34,-5.14
423587.00,1,58,0,5.77,3.76,-7.19,0,-8.75,2.00,-3.40
424447.00,1,65,0,8.08,-5.48,-4.39,0,-10.97,-0.19,-5.30
424951.00,1,65,0,6.51,-8.15,-1.52,0,-9.77,0.89,-4.72
425451.00,1,65,0,6.51,-8.15,-1.52,0,-9.77,0.89,-4.72
425951.00,1,65,0,7.51,-6.11,-1.62,0,-6.21,1.86,-1.23
427320.00,1,44,0,9.42,-9.40,-2.79,1,19.61,8.65,19.39
427820.00,1,44,0,9.42,-9.40,-2.79,1,19.61,8.65,19.39
428320.00,1,44,0,7.61,-10.47,0.61,1,-1.71,9.50,5.07
429175.00,1,24,0,5.52,-6.74,1.19,1,-5.87,6.94,2.10
429679.00,1,24,0,8.69,-9.13,1.10,1,-0.43,12.71,-2.92
430179.00,1,24,0,8.69,-9.13,1.10,1,-0.43,12.71,-2.92
430679.00,1,24,0,8.83,-5.94,0.63,0,-1.07,11.13,-3.99
431538.00,1,89,0,8.87,-9.45,3.70,0,-1.97,11.59,-4.05
432038.00,1,89,0,8.87,-9.45,3.70,0,-1.97,11.59,-4.05
432538.00,1,89,0,6.67,-5.11,0.96,0,-3.27,5.06,-2.15
433038.00,1,89,0,7.03,-4.81,0.46,0,-4.40,5.28,-0.62
433903.00,1,33,0,9.94,-8.28,0.60,0,-3.77,10.17,-2.68
434407.00,1,33,0,10.02,-9.49,1.13,0,-2.88,11.39,-3.90
434907.00,1,33,0,10.02,-9.49,1.13,0,-2.88,11.39,-3.90
435407.00,1,33,0,7.61,-5.68,-0.61,0,-7.53,7.65,-2.92
436267.00,1,40,0,11.17,-9.71,-0.13,0,-0.18,12.75,-4.23
436771.00,1,40,0,11.38,-6.60,-1.53,0,-3.88,10.21,-2.04
437271.00,1,40,0,11.38,-6.60,-1.53,0,-3.88,10.21,-2.04
437771.00,1,40,0,5.33,-5.81,0.88,0,-1.58,6.41,-0.45
438631.00,1,36,0,9.55,-5.30,0.63,0,1.65,9.68,-3.97
439135.00,1,36,0,8.00,-7.48,0.48,0,-0.83,8.40,-4.91
439635.00,1,36,0,8.00,-7.48,0.48,0,-0.83,8.40,-4.91
440207.00,1,36,0,6.15,-3.18,2.50,1,-5.96,1.46,-0.56
440994.00,1,19,0,8.00,-6.10,0.13,1,-9.86,0.98,-2.26
441494.00,1,19,0,8.00,-6.10,0.13,1,-9.86,0.98,-2.26
441994.00,1,19,0,5.59,-3.17,2.49,1,-6.31,-0.91,0.82
442494.00,1,19,0,5.02,-1.73,-0.39,1,-7.05,-1.03,-0.04
443360.00,1,26,0,5.23,-0.04,-2.00,0,-6.20,-0.81,0.04
443860.00,1,26,0,5.23,-0.04,-2.00,0,-6.20,-0.81,0.04
444360.00,1,26,0,6.04,0.64,-5.43,0,-8.71,-1.55,0.27
444860.00,1,26,0,8.60,2.00,-8.05,0,-11.54,-1.10,-2.18
445723.00,1,23,0,4.96,0.14,-3.80,0,-7.48,-2.46,0.23
446227.00,1,23,0,6.30,0.39,-3.60,0,-7.91,-1.89,-0.24
446727.00,1,23,0,6.30,0.39,-3.60,0,-7.91,-1.89,-0.24
447227.00,1,23,0,8.23,4.02,-9.66,0,-10.77,0.46,-1.78
448087.00,1,23,0,7.58,0.48,-4.54,0,-8.66,-2.14,-1.61
448591.00,1,23,0,7.99,1.95,-6.85,0,-9.31,-1.66,-0.93
449091.00,1,23,0,7.99,1.95,-6.85,0,-9.31,-1.66,-0.93
449591.00,1,23,0,10.29,1.72,-8.76,0,-12.51,0.63,-2.29
450451.00,1,45,0,5.11,1.15,-7.16,0,-8.69,-2.79,-0.91
450955.00,1,45,0,8.31,2.20,-8.79,0,-10.79,-2.29,-1.99
451455.00,1,45,0,8.31,2.20,-8.79,0,-10.79,-2.29,-1.99
451955.00,1,45,0,9.63,3.45,-11.02,0,-13.05,-3.04,-0.32
452815.00,1,74,0,7.74,1.10,-6.13,0,-9.41,-2.81,-0.79
453319.00,1,74,0,7.91,2.94,-10.13,0,-10.58,-3.17,-0.83
453819.00,1,74,0,7.91,2.94,-10.13,0,-10.58,-3.17,-0.83
454319.00,1,74,0,11.86,0.13,-12.31,0,-12.08,0.97,-0.81
455179.00,1,28,0,19.61,15.87,-6.85,0,-11.96,-1.83,0.23
455683.00,1,28,0,-2.10,-7.78,-7.23,0,-11.61,-2.89,-1.81
456183.00,1,28,0,-2.10,-7.78,-7.23,0,-11.61,-2.89,-1.81
456740.00,1,28,1,18.90,-1.77,9.57,0,-8.73,-2.64,-1.82
457543.00,1,120,1,10.50,4.96,5.32,0,-11.81,-3.88,-3.02
458047.00,1,120,1,8.51,5.57,3.32,0,-9.47,-4.52,0.34
458547.00,1,120,1,8.51,5.57,3.32,0,-9.47,-4.52,0.34
459047.00,1,120,1,13.29,6.88,1.44,0,-9.89,-1.73,-2.04
459908.00,1,96,0,10.02,5.31,-2.65,0,-10.31,-2.79,-1.68
460408.00,1,96,0,10.02,5.31,-2.65,0,-10.31,-2.79,-1.68
460908.00,1,96,0,12.53,2.08,-5.27,0,-10.37,-0.79,-1.77
461408.00,1,96,0,3.90,2.70,-1.09,0,-7.11,-2.27,0.24
462271.00,1,64,0,10.71,2.66,-8.29,0,-12.14,-2.62,-2.08
462775.00,1,64,0,7.89,2.13,-8.27,0,-12.12,-0.13,-3.22
463275.00,1,64,0,7.89,2.13,-8.27,0,-12.12,-0.13,-3.22
463775.00,1,64,0,4.77,1.31,-4.19,0,-7.77,-2.61,0.59
464635.00,1,48,0,8.95,1.03,-7.72,0,-11.68,-1.58,-4.15
465139.00,1,48,0,6.91,2.83,-10.57,0,-10.66,0.40,-2.60
465639.00,1,48,0,6.91,2.83,-10.57,0,-10.66,0.40,-2.60
466139.00,1,48,0,6.37,1.47,-4.83,0,-7.58,-1.84,0.22
466998.00,1,58,0,10.10,2.45,-8.49,0,-11.05,-0.95,-1.25
467498.00,1,58,0,10.10,2.45,-8.49,0,-11.05,-0.95,-1.25
467998.00,1,58,0,5.90,2.36,-7.55,0,-9.05,-1.17,-2.14
468498.00,1,58,0,6.58,0.77,-3.59,0,-7.77,-2.08,0.43
469363.00,1,34,0,7.50,2.86,-7.87,0,-12.45,-0.39,-3.12
469867.00,1,34,0,8.02,1.58,-9.03,0,-8.98,-0.39,-1.45
470367.00,1,34,0,8.02,1.58,-9.03,0,-8.98,-0.39,-1.45
470867.00,1,34,0,5.53,0.88,-3.90,0,-7.35,-1.44,0.39
471727.00,1,30,0,8.34,1.20,-9.05,0,-11.22,-0.04,-1.59
472231.00,1,30,0,6.61,4.18,-8.14,0,-10.28,-0.38,-2.85
472731.00,1,30,0,6.61,4.18,-8.14,0,-10.28,-0.38,-2.85
473231.00,1,30,0,5.36,-0.89,-2.39,0,-5.96,-2.75,1.25
474091.00,1,30,0,8.23,2.99,-8.35,0,-10.32,-0.18,-3.92
474595.00,1,30,0,6.82,1.65,-5.17,0,-7.82,-0.32,-1.13
475095.00,1,30,0,6.82,1.65,-5.17,0,-7.82,-0.32,-1.13
475595.00,1,30,0,5.45,-0.90,-1.75,0,-7.06,-1.47,0.19
476455.00,1,30,0,6.72,2.19,-8.71,0,-9.17,-0.46,-1.57
476959.00,1,30,0,5.52,1.07,-4.80,0,-6.91,-1.42,0.57
477459.00,1,30,0,5.52,1.07,-4.80,0,-6.91,-1.42,0.57
477959.00,1,30,0,3.14,0.02,-4.16,0,-7.42,-2.60,0.46
478819.00,1,69,0,5.78,2.33,-5.25,0,-7.92,-2.09,-0.29
479323.00,1,69,0,6.61,-0.14,-2.61,0,-6.13,-1.93,0.40
479823.00,1,69,0,6.61,-0.14,-2.61,0,-6.13,-1.93,0.40
480323.00,1,69,0,5.97,-0.70,-2.94,0,-5.56,-2.83,0.60
481183.00,1,168,0,7.08,0.57,-2.82,0,-7.91,-1.41,0.16
481687.00,1,168,0,5.83,1.20,-1.89,0,-6.99,-2.38,0.38
482187.00,1,168,0,5.83,1.20,-1.89,0,-6.99,-2.38,0.38
482687.00,1,168,0,4.73,2.59,-3.31,0,-7.47,-0.41,0.81
483547.00,1,32,0,4.87,2.21,-2.37,0,-7.15,-2.15,1.18
484051.00,1,32,0,4.64,0.87,-2.38,0,-6.68,-2.88,0.22
484551.00,1,32,0,4.64,0.87,-2.38,0,-6.68,-2.88,0.22
485051.00,1,32,0,7.23,0.11,-2.81,0,-6.68,-2.60,-0.91
485911.00,1,26,0,6.14,-0.49,-2.63,0,-7.27,-1.61,-0.07
486415.00,1,26,0,4.45,0.41,-1.55,0,-6.83,-2.40,0.90
486915.00,1,26,0,4.45,0.41,-1.55,0,-6.83,-2.40,0.90
487415.00,1,26,0,8.15,3.52,-8.94,0,-10.89,-1.92,-1.72
488275.00,1,27,0,4.40,1.36,-2.53,0,-7.33,-1.49,-0.01
488779.00,1,27,0,4.72,-0.36,-2.95,0,-6.98,-2.25,0.42
489279.00,1,27,0,4.72,-0.36,-2.95,0,-6.98,-2.25,0.42
489779.00,1,27,0,8.67,-0.23,-5.18,0,-8.55,-1.95,-1.88
490638.00,1,20,0,5.88,-1.14,-3.06,0,-6.53,-2.66,0.65
491138.00,1,20,0,5.88,-1.14,-3.06,0,-6.53,-2.66,0.65
491638.00,1,20,0,7.58,-1.73,-2.95,0,-7.13,-2.53,-0.78
492138.00,1,20,0,5.85,1.12,-5.97,0,-8.96,-2.75,-0.42
493003.00,1,32,0,5.33,0.32,-1.61,0,-6.04,-2.83,0.45
493507.00,1,32,0,4.42,-0.40,-3.01,0,-7.10,-3.61,1.57
494007.00,1,32,0,4.42,-0.40,-3.01,0,-7.10,-3.61,1.57
494507.00,1,32,0,10.15,-0.67,-4.80,0,-8.98,-2.91,-0.44
495366.00,1,25,0,5.97,-0.21,-2.53,0,-6.93,-2.17,1.05
495866.00,1,25,0,5.97,-0.21,-2.53,0,-6.93,-2.17,1.05
496366.00,1,25,0,6.09,-1.11,-2.90,0,-6.92,-2.65,-0.72
496866.00,1,25,0,6.48,0.81,-5.43,0,-8.56,-2.46,-0.13
497731.00,1,30,0,6.04,-0.22,-2.29,0,-7.14,-2.81,1.17
498235.00,1,30,0,4.10,-0.38,-3.56,0,-6.40,-2.98,0.54
498735.00,1,30,0,4.10,-0.38,-3.56,0,-6.40,-2.98,0.54
499235.00,1,30,0,8.49,0.42,-6.08,0,-9.21,-2.88,-2.20
500095.00,1,30,0,5.15,1.01,-2.12,0,-5.86,-2.53,0.89
500599.00,1,30,0,6.00,-0.57,-1.50,0,-6.90,-2.63,-0.12
501099.00,1,30,0,6.00,-0.57,-1.50,0,-6.90,-2.63,-0.12
501599.00,1,30,0,7.67,2.35,-6.84,0,-9.36,-2.60,-0.35
502459.00,1,96,0,5.58,-0.49,-1.14,0,-6.53,-2.81,0.53
502963.00,1,96,0,4.56,1.26,-3.62,0,-6.94,-3.70,0.66
503463.00,1,96,0,4.56,1.26,-3.62,0,-6.94,-3.70,0.66
503963.00,1,96,0,9.02,0.05,-5.73,0,-9.55,-2.53,-2.28
504823.00,1,96,0,6.11,-0.30,-2.60,0,-6.44,-2.87,1.21
505327.00,1,96,0,6.11,-0.53,-1.68,0,-6.58,-2.42,0.38
505827.00,1,96,0,6.11,-0.53,-1.68,0,-6.58,-2.42,0.38
506327.00,1,96,0,6.32,1.37,-5.90,0,-9.04,-3.18,-0.64
507187.00,1,23,0,5.21,0.37,-0.96,0,-6.28,-1.87,0.92
507691.00,1,23,0,5.59,-0.49,-2.94,0,-7.04,-3.26,0.72
508191.00,1,23,0,5.59,-0.49,-2.94,0,-7.04,-3.26,0.72
508691.00,1,23,0,9.04,2.65,-7.11,0,-11.08,-2.73,-2.02
509551.00,1,20,0,6.32,-0.52,-2.26,0,-6.69,-1.97,-0.62
510055.00,1,20,0,5.34,0.19,-0.89,0,-6.24,-2.58,0.80
510555.00,1,20,0,5.34,0.19,-0.89,0,-6.24,-2.58,0.80
511055.00,1,20,0,7.69,3.46,-8.35,0,-11.11,-0.10,-1.61
511915.00,1,21,0,5.20,2.32,-3.70,0,-7.49,-1.41,0.13
512419.00,1,21,0,6.65,-0.44,-2.35,0,-6.56,-2.02,-0.10
512919.00,1,21,0,6.65,-0.44,-2.35,0,-6.56,-2.02,-0.10
513419.00,1,21,0,8.22,-0.88,-2.68,0,-5.89,-2.72,-0.61
514278.00,1,20,0,7.70,0.83,-5.76,0,-8.21,-0.54,-0.95
514778.00,1,20,0,7.70,0.83,-5.76,0,-8.21,-0.54,-0.95
515278.00,1,20,0,5.24,-1.51,-1.55,0,-5.36,-2.55,0.39
515778.00,1,20,0,4.11,0.06,-2.99,0,-6.87,-2.47,0.08
516642.00,1,39,0,6.05,2.21,-6.26,0,-8.71,-2.01,-0.85
517142.00,1,39,0,6.05,2.21,-6.26,0,-8.71,-2.01,-0.85
517642.00,1,39,0,5.01,-0.01,-2.85,0,-6.19,-2.52,0.55
518142.00,1,39,0,6.41,-2.27,-1.77,0,-7.03,-3.03,0.27
518841.00,1,39,1,-16.30,19.61,11.23,0,-11.86,-1.24,-2.69
519341.00,1,47,1,-16.30,19.61,11.23,0,-11.86,-1.24,-2.69
519841.00,1,47,1,10.30,1.47,2.81,0,-9.03,-2.44,-1.19
520341.00,1,47,1,9.80,1.07,3.37,0,-8.40,-2.34,-1.40
520841.00,1,47,1,8.58,-0.32,3.00,0,-7.58,-2.81,0.57
521613.00,1,60,0,9.64,-0.77,2.29,0,-9.88,-3.16,-2.03
522113.00,1,60,0,9.64,-0.77,2.29,0,-9.88,-3.16,-2.03
522613.00,1,60,0,10.84,5.62,-2.59,0,-11.43,-3.04,-2.80
523113.00,1,60,0,11.25,4.45,-7.13,0,-9.89,-1.86,-2.27
523976.00,1,86,0,9.31,2.68,-9.39,0,-10.02,-2.59,-1.88
524480.00,1,86,0,10.10,0.00,-7.49,0,-10.33,-2.02,-1.93
524980.00,1,86,0,10.10,0.00,-7.49,0,-10.33,-2.02,-1.93
525480.00,1,86,0,7.60,-0.86,-4.74,0,-10.74,-0.86,-3.67
526340.00,1,48,0,10.75,-7.41,0.32,0,-10.60,-1.41,-1.92
526844.00,1,48,0,10.33,-4.77,2.02,0,-8.87,-1.39,-0.98
527344.00,1,48,0,10.33,-4.77,2.02,0,-8.87,-1.39,-0.98
527844.00,1,48,0,9.74,-7.64,-1.89,0,-5.80,7.92,-4.47
528704.00,1,66,0,9.52,-6.90,0.50,0,-7.42,7.62,-6.44
529208.00,1,66,0,9.41,-6.52,1.26,0,-7.78,7.63,-6.12
529708.00,1,66,0,9.41,-6.52,1.26,0,-7.78,7.63,-6.12
530208.00,1,66,0,9.29,-6.88,-0.22,0,-8.89,9.24,-7.28
531068.00,1,49,0,9.00,-6.55,2.43,0,-7.01,6.27,-6.22
532082.00,1,49,0,9.35,-6.67,0.47,1,7.21,19.61,-14.42
532588.00,1,49,0,9.57,-8.62,4.14,1,-19.61,2.98,-17.29
533432.00,1,46,0,6.63,-6.92,2.72,1,-6.20,6.41,1.36
533936.00,1,46,0,6.83,-5.77,2.34,1,-3.62,7.72,0.24
534436.00,1,46,0,6.83,-5.77,2.34,1,-3.62,7.72,0.24
534936.00,1,46,0,6.96,-6.93,3.08,0,-4.48,8.18,-1.34
535795.00,1,88,0,7.55,-7.24,2.54,0,-1.92,9.41,-5.04
536295.00,1,88,0,7.55,-7.24,2.54,0,-1.92,9.41,-5.04
536795.00,1,88,0,8.13,-6.95,2.34,0,-1.89,7.99,-6.90
537295.00,1,88,0,7.26,-6.98,2.33,0,-4.37,6.64,-7.31
538160.00,1,122,0,7.37,-6.08,2.30,0,-8.83,0.16,-2.67
538660.00,1,122,0,7.37,-6.08,2.30,0,-8.83,0.16,-2.67
539160.00,1,122,0,7.98,-5.60,1.86,0,-8.44,-1.58,-4.49
539660.00,1,122,0,6.65,-6.19,1.47,0,-9.56,-3.68,-5.48
540524.00,1,123,0,7.72,-5.90,1.74,0,-8.58,-1.64,-4.26
541028.00,1,123,0,7.77,-5.77,2.07,0,-9.19,-1.31,-3.64
541528.00,1,123,0,7.77,-5.77,2.07,0,-9.19,-1.31,-3.64
542028.00,1,123,0,8.47,-5.77,1.99,0,-8.45,-2.06,-4.17
542888.00,1,186,0,8.68,-5.69,1.69,0,-8.61,-1.58,-4.76
543392.00,1,186,0,8.25,-6.00,1.91,0,-8.48,-1.40,-4.43
543892.00,1,186,0,8.25,-6.00,1.91,0,-8.48,-1.40,-4.43
544392.00,1,186,0,8.56,-5.69,2.06,0,-8.66,-1.80,-4.30
545252.00,1,136,0,8.20,-5.84,1.97,0,-8.49,-1.66,-4.31
545756.00,1,136,0,8.37,-5.76,1.63,0,-7.94,-1.75,-4.86
546256.00,1,136,0,8.37,-5.76,1.63,0,-7.94,-1.75,-4.86
546756.00,1,136,0,8.47,-5.54,1.73,0,-8.15,-1.93,-4.79
547616.00,1,129,0,8.65,-5.66,2.21,0,-8.21,-2.03,-4.93
548120.00,1,129,0,8.48,-5.81,1.75,0,-8.35,-1.91,-5.07
548620.00,1,129,0,8.48,-5.81,1.75,0,-8.35,-1.91,-5.07
549120.00,1,129,0,8.50,-5.70,2.15,0,-8.53,-1.93,-4.68
549980.00,1,128,0,8.44,-5.55,1.63,0,-8.27,-1.82,-4.85
550484.00,1,128,0,8.44,-5.60,1.73,0,-8.31,-1.76,-4.71
550984.00,1,128,0,8.44,-5.60,1.73,0,-8.31,-1.76,-4.71
551484.00,1,128,0,8.49,-5.64,1.63,0,-8.38,-1.76,-4.77
552343.00,1,108,0,7.80,-5.68,1.75,0,-7.77,-1.71,-4.57
552843.00,1,108,0,7.80,-5.68,1.75,0,-7.77,-1.71,-4.57
553343.00,1,108,0,7.52,-6.16,1.81,0,-8.58,-1.15,-4.79
553843.00,1,108,0,8.13,-5.41,2.61,0,-8.20,-2.53,-3.69
554708.00,1,111,0,8.31,-5.78,3.29,0,-8.42,-2.23,-5.78
555212.00,1,111,0,9.86,-7.71,1.29,0,-10.07,-1.90,-6.17
555712.00,1,111,0,9.86,-7.71,1.29,0,-10.07,-1.90,-6.17
556212.00,1,111,0,10.94,-8.65,0.34,0,-9.30,-0.40,-8.97
557072.00,1,65,0,8.10,-6.98,1.45,0,-9.74,-3.42,-5.33
557576.00,1,65,0,11.05,-5.94,-1.29,0,-8.34,-2.94,-6.39
558076.00,1,65,0,11.05,-5.94,-1.29,0,-8.34,-2.94,-6.39
558623.00,1,65,1,4.13,-1.58,-9.29,0,-5.28,-3.48,-3.98
559436.00,1,71,1,11.99,2.53,0.02,0,-8.29,-2.37,-7.32
559940.00,1,71,1,9.80,5.17,-1.13,0,-10.65,-3.85,-8.11
560440.00,1,71,1,9.80,5.17,-1.13,0,-10.65,-3.85,-8.11
560940.00,1,71,1,7.32,6.22,0.09,0,-7.13,-2.76,-3.02
561799.00,1,33,0,6.47,2.92,-1.20,0,-7.85,-4.09,-1.72
562299.00,1,33,0,6.47,2.92,-1.20,0,-7.85,-4.09,-1.72
562799.00,1,33,0,10.98,2.57,-3.50,0,-8.47,-4.19,-5.42
563299.00,1,33,0,6.16,4.94,-10.32,0,-8.14,-4.37,-4.77
564164.00,1,100,0,5.30,0.12,-2.69,0,-7.24,-3.43,-1.14
564668.00,1,100,0,4.17,1.72,-4.42,0,-7.05,-4.21,-1.21
565168.00,1,100,0,4.17,1.72,-4.42,0,-7.05,-4.21,-1.21
565668.00,1,100,0,7.56,3.98,-7.43,0,-8.85,-4.26,-4.67
566528.00,1,110,0,3.61,1.46,-3.12,0,-7.11,-4.71,-0.50
567032.00,1,110,0,6.64,0.83,-3.76,0,-6.79,-4.11,-2.84
567532.00,1,110,0,6.64,0.83,-3.76,0,-6.79,-4.11,-2.84
568032.00,1,110,0,6.05,4.28,-9.52,0,-8.77,-4.05,-4.32
568892.00,1,130,0,5.86,0.68,-3.10,0,-6.56,-3.50,-1.73
569396.00,1,130,0,4.01,2.20,-4.40,0,-6.39,-4.73,-0.89
569896.00,1,130,0,4.01,2.20,-4.40,0,-6.39,-4.73,-0.89
570396.00,1,130,0,7.97,4.68,-8.63,0,-8.01,-5.31,-4.65
571255.00,1,187,0,3.10,1.75,-3.54,0,-7.05,-4.64,-0.84
571755.00,1,187,0,3.10,1.75,-3.54,0,-7.05,-4.64,-0.84
572255.00,1,187,0,7.66,1.40,-5.37,0,-7.12,-4.18,-3.41
572755.00,1,187,0,4.92,3.53,-8.05,0,-8.19,-4.41,-3.42
573620.00,1,133,0,5.85,2.65,-6.16,0,-7.11,-3.13,-3.96
574124.00,1,133,0,4.99,2.81,-5.53,0,-8.01,-3.22,-2.34
574624.00,1,133,0,4.99,2.81,-5.53,0,-8.01,-3.22,-2.34
575124.00,1,133,0,5.97,0.12,-3.37,0,-6.74,-3.39,-2.79
575983.00,1,189,0,5.53,4.59,-9.26,0,-8.60,-2.62,-4.60
576483.00,1,189,0,5.53,4.59,-9.26,0,-8.60,-2.62,-4.60
576983.00,1,189,0,3.56,2.47,-2.77,0,-6.87,-2.83,-2.13
577483.00,1,189,0,6.38,4.28,-9.28,0,-9.53,-2.90,-5.95
578348.00,0,304,0,6.35,2.96,-4.81,0,-9.18,-1.54,-5.49
578852.00,0,304,0,7.27,2.93,-8.46,0,-10.23,-2.45,-4.50
579352.00,0,304,0,7.27,2.93,-8.46,0,-10.23,-2.45,-4.50
579852.00,0,304,0,6.51,1.83,-2.95,0,-6.01,-3.60,-2.69
580712.00,1,167,0,8.06,4.97,-8.53,0,-9.37,-2.36,-5.93
581216.00,1,167,0,7.87,4.72,-9.64,0,-10.04,-3.86,-6.40
581716.00,1,167,0,7.87,4.72,-9.64,0,-10.04,-3.86,-6.40
582216.00,1,167,0,6.68,2.94,-6.98,0,-10.84,-1.40,-3.58
583076.00,0,301,0,6.64,5.84,-10.37,0,-9.29,-3.59,-5.90
583580.00,0,301,0,10.24,0.98,-10.18,0,-10.62,-3.03,-7.08
584080.00,0,301,0,10.24,0.98,-10.18,0,-10.62,-3.03,-7.08
584788.00,0,301,1,4.86,-3.45,0.24,0,-7.02,-2.55,-2.39
585440.00,0,892,1,10.84,-8.40,1.20,0,-12.10,-1.05,-5.64
585944.00,0,892,1,10.57,-7.19,-3.13,0,-10.10,3.16,-10.76
586444.00,0,892,1,10.57,-7.19,-3.13,0,-10.10,3.16,-10.76
586944.00,0,892,1,5.83,-5.95,1.10,0,-5.25,4.05,-4.88
587805.00,0,382,0,8.76,-6.18,-1.75,0,1.61,8.95,-8.11
588305.00,0,382,0,8.76,-6.18,-1.75,0,1.61,8.95,-8.11
588887.00,0,382,0,5.33,-4.31,0.68,1,-2.43,2.35,-1.89
589387.00,0,382,0,5.33,-4.31,0.68,1,-2.43,2.35,-1.89
590167.00,1,196,0,6.23,-5.35,0.04,1,1.90,6.44,-3.15
590667.00,1,196,0,6.23,-5.35,0.04,1,1.90,6.44,-3.15
591167.00,1,196,0,5.86,-4.44,1.19,1,-1.37,4.06,-2.06
591667.00,1,196,0,9.34,-7.30,-0.16,0,-3.27,10.54,-5.91
592531.00,1,106,0,7.83,-4.80,-0.72,0,-1.83,6.43,-3.85
593031.00,1,106,0,7.83,-4.80,-0.72,0,-1.83,6.43,-3.85
593531.00,1,106,0,6.60,-5.75,0.30,0,-2.72,6.30,-3.39
594031.00,1,106,0,9.42,-7.92,1.04,0,-1.58,10.60,-3.58
594896.00,1,110,0,5.59,-5.16,0.88,0,-1.78,3.89,-2.20
595400.00,1,110,0,5.58,-4.77,1.32,0,0.89,3.51,-0.80
595900.00,1,110,0,5.58,-4.77,1.32,0,0.89,3.51,-0.80
596649.00,1,110,0,7.46,-9.95,3.53,1,-19.61,19.61,-19.61
597259.00,1,101,0,5.56,-4.77,1.45,1,-5.07,4.47,1.83
597759.00,1,101,0,5.56,-4.77,1.45,1,-5.07,4.47,1.83
598259.00,1,101,0,5.49,-6.61,1.81,1,-5.11,5.27,1.98
598759.00,1,101,0,9.65,-8.53,2.31,1,-4.99,9.32,0.85
599625.00,1,186,0,4.53,-5.63,1.15,0,-4.15,4.99,-1.47
600125.00,1,186,0,4.53,-5.63,1.15,0,-4.15,4.99,-1.47
600625.00,1,186,0,7.63,-8.30,3.29,0,-2.18,10.18,-3.70
601125.00,1,186,0,9.86,-8.37,-0.09,0,-0.77,11.27,-1.04
601988.00,1,134,0,6.32,-6.73,3.72,0,-0.58,8.09,-4.68
602492.00,1,134,0,6.36,-8.38,2.15,0,-1.95,9.50,-5.41
602992.00,1,134,0,6.36,-8.38,2.15,0,-1.95,9.50,-5.41
603492.00,1,134,0,6.84,-8.38,0.97,0,-0.88,11.05,-4.45
604352.00,1,50,0,7.10,-7.94,1.52,0,-1.08,9.34,-4.25
604856.00,1,50,0,8.82,-8.24,1.46,0,2.09,12.42,-6.08
605356.00,1,50,0,8.82,-8.24,1.46,0,2.09,12.42,-6.08
605856.00,1,50,0,6.26,-4.93,1.23,0,-1.42,4.68,-2.36
607225.00,1,67,0,8.90,-8.77,2.98,1,1.56,12.52,-6.54
607725.00,1,67,0,8.90,-8.77,2.98,1,1.56,12.52,-6.54
608225.00,1,67,0,9.34,-8.27,-2.11,1,-0.61,9.94,-3.90
609080.00,0,373,0,9.48,-8.95,0.88,1,-1.59,11.41,-5.70
609584.00,0,373,0,10.16,-9.48,3.20,1,0.11,12.15,-4.87
610084.00,0,373,0,10.16,-9.48,3.20,1,0.11,12.15,-4.87
610584.00,0,373,0,6.46,-5.70,2.71,0,-1.75,7.29,-4.04
611443.00,1,112,0,9.85,-6.91,-0.31,0,-0.58,10.70,-4.93
611943.00,1,112,0,9.85,-6.91,-0.31,0,-0.58,10.70,-4.93
612443.00,1,112,0,9.21,-6.00,-1.74,0,-2.35,10.25,-6.50
612943.00,1,112,0,9.33,-7.11,-1.28,0,-2.58,8.17,-3.32
613808.00,1,28,0,7.89,-6.81,-2.33,0,19.61,-1.92,-3.59
614822.00,1,28,0,7.53,-6.73,0.91,1,-4.63,3.06,3.88
615322.00,1,28,0,7.53,-6.73,0.91,1,-4.63,3.06,3.88
616172.00,1,17,0,8.11,-6.44,-1.07,1,-4.13,8.47,1.20
616676.00,1,17,0,8.09,-6.62,1.10,1,-4.52,8.69,0.58
617176.00,1,17,0,8.09,-6.62,1.10,1,-4.52,8.69,0.58
617676.00,1,17,0,7.31,-7.18,1.72,1,-5.34,7.29,-2.03
618535.00,1,17,0,9.06,-5.33,2.61,0,-12.36,-2.97,-5.14
619035.00,1,17,0,9.06,-5.33,2.61,0,-12.36,-2.97,-5.14
619535.00,1,17,0,7.44,-6.63,2.24,0,-9.72,8.92,-7.99
620035.00,1,17,0,7.60,-6.11,2.90,0,-0.01,7.77,0.74
620900.00,1,25,0,7.71,-6.07,1.98,0,-3.97,6.82,-6.30
621404.00,1,25,0,7.45,-6.47,2.72,0,-2.18,7.89,-4.80
621904.00,1,25,0,7.45,-6.47,2.72,0,-2.18,7.89,-4.80
622404.00,1,25,0,7.47,-6.96,2.57,0,0.12,7.61,-4.76
623773.00,1,21,0,8.37,-6.28,1.18,1,-9.77,0.33,-1.32
624273.00,1,21,0,8.37,-6.28,1.18,1,-9.77,0.33,-1.32
624773.00,1,21,0,3.56,-4.16,6.93,1,-9.75,0.86,-3.58
625628.00,1,12,0,5.80,-6.79,6.87,1,-6.79,3.22,-5.87
626132.00,1,12,0,6.80,-4.90,6.42,1,-5.28,1.59,-4.97
626632.00,1,12,0,6.80,-4.90,6.42,1,-5.28,1.59,-4.97
627132.00,1,12,0,8.97,-4.76,1.73,0,-8.47,1.36,-4.61
627991.00,1,21,0,9.28,-4.52,0.04,0,-5.64,4.86,-6.80
628491.00,1,21,0,9.28,-4.52,0.04,0,-5.64,4.86,-6.80
628991.00,1,21,0,9.42,-1.54,-3.67,0,-7.07,3.31,-7.84
629491.00,1,21,0,9.28,-1.25,-4.30,0,-6.92,2.24,-5.57
630355.00,1,22,0,9.22,-1.03,-4.24,0,-7.99,1.14,-5.74
630855.00,1,22,0,9.22,-1.03,-4.24,0,-7.99,1.14,-5.74
631355.00,1,22,0,9.12,-1.47,-4.24,0,-8.26,1.74,-6.33
631855.00,1,22,0,9.05,-1.71,-4.29,0,-8.95,1.38,-4.94
632720.00,1,21,0,9.18,-3.32,-3.23,0,-9.11,2.16,-2.93
633224.00,1,21,0,8.38,-5.11,-2.64,0,-9.88,-0.39,-0.62
633724.00,1,21,0,8.38,-5.11,-2.64,0,-9.88,-0.39,-0.62
634224.00,1,21,0,8.69,-4.87,-2.06,0,-8.40,-0.38,-1.47
635083.00,1,26,0,8.38,-5.31,-2.20,0,-8.79,-3.45,-2.94
635583.00,1,26,0,8.38,-5.31,-2.20,0,-8.79,-3.45,-2.94
636083.00,1,26,0,8.90,-5.16,-1.68,0,-7.87,-4.80,-2.96
636583.00,1,26,0,8.68,-4.93,-1.97,0,-9.07,-4.78,-1.28
637448.00,1,26,0,8.52,-5.88,0.69,0,-8.55,-3.52,0.08
637952.00,1,26,0,8.11,-5.84,-0.23,0,-9.26,-2.65,0.09
638452.00,1,26,0,8.11,-5.84,-0.23,0,-9.26,-2.65,0.09
638952.00,1,26,0,9.07,-6.57,0.91,0,-7.57,-0.02,-0.08
639811.00,1,30,0,8.72,-6.09,0.68,0,-9.39,0.10,-1.53
640311.00,1,30,0,8.72,-6.09,0.68,0,-9.39,0.10,-1.53
640811.00,1,30,0,8.98,-4.85,2.88,0,-9.21,-0.92,-2.38
641311.00,1,30,0,8.73,-5.27,2.70,0,-8.71,1.38,-1.17
642175.00,1,69,0,7.47,-7.05,2.20,0,-8.49,1.87,-2.29
642675.00,1,69,0,7.47,-7.05,2.20,0,-8.49,1.87,-2.29
643175.00,1,69,0,8.50,-5.30,2.45,0,-8.61,-0.98,-3.66
643675.00,1,69,0,8.62,-5.54,1.15,0,-8.60,-1.02,-3.24
644539.00,1,67,0,7.19,-6.96,2.26,0,-10.33,-2.18,-0.36
645039.00,1,67,0,7.19,-6.96,2.26,0,-10.33,-2.18,-0.36
645539.00,1,67,0,7.07,-7.00,2.58,0,-9.30,-1.73,2.35
646039.00,1,67,0,7.41,-6.98,2.52,0,-8.82,-3.06,0.56
646903.00,1,68,0,7.26,-6.76,2.27,0,-8.11,-3.90,2.09
647403.00,1,68,0,7.26,-6.76,2.27,0,-8.11,-3.90,2.09
647903.00,1,68,0,7.14,-6.79,2.54,0,-7.88,-4.76,3.06
648403.00,1,68,0,7.00,-7.03,2.72,0,-7.84,-7.25,1.04
649267.00,1,70,0,7.18,-7.03,2.69,0,-9.55,-5.41,-0.51
649767.00,1,70,0,7.18,-7.03,2.69,0,-9.55,-5.41,-0.51
650267.00,1,70,0,6.93,-6.89,3.11,0,-7.04,-5.65,-3.31
650767.00,1,70,0,7.22,-6.90,2.80,0,-6.85,-3.22,-1.81
651632.00,1,79,0,7.08,-6.91,3.62,0,-8.90,-2.99,-1.57
652136.00,1,79,0,7.68,-6.76,2.48,0,-7.41,4.71,-2.53
652636.00,1,79,0,7.68,-6.76,2.48,0,-7.41,4.71,-2.53
653136.00,1,79,0,8.42,-5.66,1.85,0,-3.34,7.05,-1.86
653995.00,1,65,0,7.31,-6.26,2.16,0,-8.74,-1.63,-2.84
654495.00,1,65,0,7.31,-6.26,2.16,0,-8.74,-1.63,-2.84
654995.00,1,65,0,9.38,-4.95,-0.03,0,-6.69,-5.58,2.21
655495.00,1,65,0,5.71,-4.30,-0.57,0,-9.24,-3.48,2.11
656360.00,1,202,0,8.40,0.68,3.07,0,-8.91,-3.51,0.58
656864.00,1,202,0,9.57,3.01,0.55,0,-9.03,-2.72,-1.15
657364.00,1,202,0,9.57,3.01,0.55,0,-9.03,-2.72,-1.15
657864.00,1,202,0,7.08,7.53,-1.81,0,-11.53,-4.18,0.70
658723.00,1,254,0,10.17,3.13,-4.05,0,-9.03,-2.00,2.34
659223.00,1,254,0,10.17,3.13,-4.05,0,-9.03,-2.00,2.34
659723.00,1,254,0,8.40,-0.14,-5.81,0,-8.91,-3.16,1.24
660223.00,1,254,0,7.88,-6.10,-5.32,0,-9.02,-2.66,1.43
661087.00,0,329,0,8.09,-3.37,-6.79,0,-9.18,-2.43,2.13
661587.00,0,329,0,8.09,-3.37,-6.79,0,-9.18,-2.43,2.13
662087.00,0,329,0,7.28,-2.03,-6.75,0,-8.09,-2.32,1.52
662587.00,0,329,0,7.64,-1.34,-4.78,0,-8.60,-1.67,-0.06
663451.00,0,357,0,5.55,-4.37,-0.63,0,-6.98,-0.98,0.14
663951.00,0,357,0,5.55,-4.37,-0.63,0,-6.98,-0.98,0.14
664451.00,0,357,0,5.07,-6.04,-1.13,0,-7.28,0.34,0.23
664951.00,0,357,0,6.70,-5.05,-0.75,0,-6.23,-0.82,0.77
665816.00,0,728,0,6.18,-5.08,-0.84,0,-6.92,0.02,-1.99
666320.00,0,728,0,6.96,-5.68,-1.86,0,-7.14,5.06,-2.98
666820.00,0,728,0,6.96,-5.68,-1.86,0,-7.14,5.06,-2.98
667320.00,0,728,0,8.09,-3.17,0.43,0,-3.44,5.69,-3.80
668180.00,0,632,0,9.12,-2.55,-3.99,0,-3.32,8.60,-2.45
668684.00,0,632,0,7.52,-4.40,-4.75,0,-2.07,7.67,-0.74
669184.00,0,632,0,7.52,-4.40,-4.75,0,-2.07,7.67,-0.74
669684.00,0,632,0,7.64,-3.01,-3.77,0,-1.46,8.24,-3.01
670544.00,0,379,0,5.17,2.07,-8.56,0,3.64,8.78,-0.09
671048.00,0,379,0,6.19,2.13,-8.74,0,3.07,8.68,-1.26
671548.00,0,379,0,6.19,2.13,-8.74,0,3.07,8.68,-1.26
672048.00,0,379,0,7.81,-5.17,-4.02,0,-5.11,4.88,-6.92
672908.00,0,778,0,7.76,-6.88,2.34,0,-2.62,6.43,-6.22
673412.00,0,778,0,8.46,-5.12,2.93,0,-4.49,5.61,-6.41
673912.00,0,778,0,8.46,-5.12,2.93,0,-4.49,5.61,-6.41
674412.00,0,778,0,8.79,-3.68,2.00,0,-4.64,4.96,-7.19
675272.00,0,1059,0,10.67,-1.85,-2.79,0,-3.44,5.97,-6.33
675776.00,0,1059,0,8.44,-1.06,-5.58,0,-3.18,6.44,-6.11
676276.00,0,1059,0,8.44,-1.06,-5.58,0,-3.18,6.44,-6.11
676776.00,0,1059,0,8.57,0.14,-6.32,0,-3.24,6.34,-6.45
677635.00,0,1386,0,6.75,-0.79,-6.88,0,-3.39,6.06,-6.25
678135.00,0,1386,0,6.75,-0.79,-6.88,0,-3.39,6.06,-6.25
678635.00,0,1386,0,7.13,-0.99,-6.31,0,-3.04,5.79,-7.30
679135.00,0,1386,0,7.95,-1.55,-6.73,0,-2.08,6.34,-3.59
680000.00,0,1381,0,8.15,-0.37,-6.98,0,-3.83,6.42,-6.36
680504.00,0,1381,0,9.00,-3.01,-4.51,0,-4.39,4.99,-6.35
681004.00,0,1381,0,9.00,-3.01,-4.51,0,-4.39,4.99,-6.35
681504.00,0,1381,0,9.25,-2.81,-2.67,0,-6.68,2.98,-7.72
682363.00,0,1494,0,10.41,-2.69,-0.45,0,-7.98,1.86,-4.56
682863.00,0,1494,0,10.41,-2.69,-0.45,0,-7.98,1.86,-4.56
683363.00,0,1494,0,11.08,-0.22,-1.37,0,-8.60,0.87,-4.31
683863.00,0,1494,0,10.28,0.24,-1.87,0,-9.01,1.02,-4.51
684727.00,0,1533,0,10.10,0.80,-1.31,0,-8.49,1.10,-3.96
685227.00,0,1533,0,10.10,0.80,-1.31,0,-8.49,1.10,-3.96
685727.00,0,1533,0,10.33,1.65,-0.21,0,-8.35,1.14,-4.59
686227.00,0,1533,0,9.97,1.62,-0.73,0,-9.27,0.65,-4.03
687092.00,0,1602,0,9.79,1.81,-0.62,0,-9.34,0.78,-3.63
687596.00,0,1602,0,10.07,1.30,-0.29,0,-9.82,1.57,-3.45
688096.00,0,1602,0,10.07,1.30,-0.29,0,-9.82,1.57,-3.45
688596.00,0,1602,0,11.27,-2.08,0.26,0,-8.88,1.47,-4.39
689456.00,0,1475,0,9.47,-1.76,1.60,0,-8.14,1.30,-5.01
689960.00,0,1475,0,9.90,-1.81,0.45,0,-6.75,2.14,-5.28
690460.00,0,1475,0,9.90,-1.81,0.45,0,-6.75,2.14,-5.28
690960.00,0,1475,0,9.11,-2.40,1.84,0,-7.67,1.68,-5.70
691819.00,0,1442,0,10.44,-2.46,1.26,0,-7.44,1.40,-6.18
692319.00,0,1442,0,10.44,-2.46,1.26,0,-7.44,1.40,-6.18
692819.00,0,1442,0,10.32,-3.65,0.88,0,-8.12,1.14,-5.57
